,0
0,"Chance The Rapper, Jeremih"
1,The Body
2,Superpitcher
3,N.E.R.D.
4,"Tom Rogerson, Brian Eno"
5,Various Artists
6,Wyclef Jean
7,Fela Kuti
8,"Tee Grizzley, Lil Durk"
9,Jim James
10,Total Control
11,Roy Wood$
12,"Big Sean, Metro Boomin"
13,"Thurston Moore, Charles Hayward"
14,"Ceramic Tl, Ipek Gorgun"
15,Hypnotic Brass Ensemble 
16,Belle And Sebastian
17,Pender Street Steppers
18,Loke Rahbek & Frederik Valentin
19,Weird Al Yankovic
20,Mick Jenkins
21,Wilco
22,"Neil Young, Promise Of The Real"
23,Sia
24,Zaytoven
25,U2
26,Metallica
27,"Fabolous, Jadakiss"
28,Krallice
29,Inxs
30,Equiknoxx  
31,Tove Lo
32,Terekke
33,Mach-Hommy
34,Haram
35,Bjrk
36,Fits
37,Cyhi The Prynce 
38,The Fall
39,Tim Heidecker
40,Bill Brewster
41,Bitchin Bajas
42,Young Jesus
43,Willie Nelson
44,Contributors
45,Silvia Kastel
46,The Body & Full Of Hell
47,Hiroshi Yoshimura
48,Champion
49,Nico
50,Rabit
51,Curls
52,Maroon 5
53,Zazou/Bikaye/Cy1
54,"James Holden, The Animal Spirits"
55,Sam Smith
56,Sassy 009  
57,Hsker D
58,"Daniele Luppi, Parquet Courts"
59,Helena Hauff
60,Bob Dylan
61,"Alexis Georgopoulos, Jefre Cantu-Ledesma"
62,"21 Savage, Offset, Metro Boomin"
63,Errorsmith 
64,Trupa Trupa
65,"Kyle Dixon, Michael Stein"
66,Wild Beasts
67,Brent Faiyaz  
68,George Michael
69,Honey Dijon 
70,William Patrick Corgan
71,Lindstrm
72,"Future, Young Thug"
73,Makthaverskan
74,Circuit Des Yeux
75,The Jam
76,Tegan And Sara
77,D.K. / S.K.
78,Citizen
79,Abra
80,Tokimonsta
81,King Khan
82,Sun Ra And His Arkestra
83,"Brian Eno, John Cale"
84,Levon Vincent
85,Richard Horowitz
86,"Courtney Barnett, Kurt Vile"
87,The Darkness
88,Torres
89,"Tom Petty, The Heartbreakers"
90,Ccile Mclorin Salvant
91,Zir
92,Liam Gallagher
93,Jhen Aiko
94,Omni
95,Iglooghost
96,Jon Hassell
97,Galcher Lustwerk
98,Wolf Alice
99,Shania Twain
100,Lone
101,"Valee, Chasethemoney"
102,Kamasi Washington
103,Lrain
104,Wand
105,"Young Thug, Carnage"
106,Laraaji
107,Mastodon
108,Midland
109,Dj Python 
110,Shannon Lay 
111,The Rolling Stones
112,Yves Tumor
113,The Killers
114,The Blow
115,Hope Sandoval & The Warm Inventions
116,Foo Fighters
117,Marius
118,Deftones
119,The Necessaries
120,Geinoh Yamashirogumi
121,Angelo Badalamenti
122,Tony Humphries
123,Death From Above
124,King Crimson
125,Maximum Joy
126,Harry Nilsson
127,The Verve
128,Deem Spencer
129,"King Gizzard & The Lizard Wizard, Mild High Club"
130,Dave East
131,Underworld
132,Dangelo
133,B12
134,Ema
135,Lil B
136,Brand New
137,Alice Glass
138,Khalil
139,Tobacco
140,Tears For Fears
141,Grizzly Bear
142,Inc. No World
143,Bosco
144,Madonna
145,Dean Hurley
146,Tyshawn Sorey
147,Oneohtrix Point Never
148,House Of Feelings
149,Lal & Mike Waterson
150,Photay 
151,Nadia Sirota
152,Ty Segall
153,Flash Trading
154,Moon King
155,Konx-Om-Pax
156,Badbadnotgood
157,Ben Frost
158,Julia Michaels
159,Tchornobog
160,"Nav, Metro Boomin"
161,"Joe Henderson, Alice Coltrane"
162,Amin
163,Wizkid
164,Ross From Friends
165,Silver Jews
166,Dj Bone
167,Suicideyear
168,"Jeremy Greenspan, Taraval"
169,Golden Retriever
170,Meek Mill
171,Snail Mail
172,Nine Inch Nails
173,Gal Costa
174,Lana Del Rey
175,Daphni
176,Ramones
177,"Bjrn Torske, Prins Thomas"
178,Burnt Friedman
179,Terrace Martin Presents The Pollyseeds
180,Holy Shit
181,Sqrl
182,Jean-Jacques Perrey
183,Coldplay
184,Sw.
185,Dj Shadow
186,Public Enemy
187,Great Grandpa
188,Ndia
189,Sau Poler
190,Conway
191,Haim
192,Calvin Harris
193,Tlc
194,Steffi
195,Jay-Z
196,Clams Casino
197,Mike
198,David Bowie
199,Mc Eiht
200,Cybe
201,The Monks
202,"Prince, The Revolution"
203,Zz Top
204,"Keith Rowe, Michael Pisaro"
205,"Amir Elsaffar, Rivers Of Sound"
206,H.E.R.
207,Palm
208,Young Thug
209,Camille
210,Ride
211,Can
212,Glen Campbell
213,Lorde
214,Rancid
215,Katy Perry
216,Tops
217,Sza
218,"Sufjan Stevens, Nico Muhly, Bryce Dessner, James Mcalister"
219,Sahbabii
220,"Lindsey Buckingham, Christine Mcvie"
221,Murlo
222,Royal Trux
223,Jimi Tents
224,King Tubby & The Aggrovators
225,Major Lazer
226,Chain And The Gang
227,Ghostface Killah
228,Tony Conrad
229,Kettenkarussell
230,Marika Hackman
231,Elysia Crampton
232,Ricardo Villalobos
233,Swet Shop Boys
234,Jaco Pastorius
235,"Mary Lattimore, Elysse Thebner Miller"
236,"T-Pain, Lil Wayne"
237,Everything Is Recorded
238,Wavves
239,Helium
240,!!!
241,Khotin
242,"Faith Evans, The Notorious B.I.G."
243,Vatican Shadow
244,Hanna
245,Wale
246,Heather Trost
247,Michael Mayer
248,Mc Bin Laden
249,"Jonny Nash, Suzanne Kraft"
250,Spencer Radcliffe & Everyone Else
251,Endlings
252,Nick Cave & The Bad Seeds
253,Brother Ali
254,Animal Collective
255,Alice Coltrane
256,Croatian Amor
257,At The Drive In
258,Bonnie Prince Billy
259,Green Day
260,Grateful Dead
261,Kweku Collins
262,Cabo Boing
263,Mac Demarco
264,Pond
265,Priests
266,Kara-Lis Coverdale
267,Bnqt
268,Wall
269,Anamai
270,Jmsn
271,Swans
272,The New Year
273,Luc Ferrari
274,Mew
275,Tara Jane Oneil
276,Valgeir Sigursson
277,Portishead
278,Meredith Monk
279,Rich Homie Quan
280,Gas
281,The Blaze
282,Shamir
283,Ray Davies
284,Thelonious Monk
285,Joe Goddard
286,"Vicky Chow, Michael Gordon"
287,Dj Seinfeld
288,Section Boyz
289,Overmono
290,Varg
291,Sade
292,Davy Kehoe
293,"Joshua Abrams, Natural Information Society"
294,Milk Music
295,Wire
296,Ahmad Jamal
297,Liquid Liquid
298,Boss Hog
299,Arthur Russell
300,Yaeji
301,"Starlito, Don Trip"
302,Paul Mccartney
303,Diamanda Gals
304,Sneaks
305,Glenn Gould
306,"Chilly Gonzales, Jarvis Cocker"
307,The Courtneys
308,Octo Octa
309,The Fun Years
310,Sorority Noise
311,Porter Ray
312,Drake
313,The Bug Vs Earth
314,Giusto Pio
315,Real Estate
316,Laetitia Sadier Source Ensemble
317,Miles Okazaki
318,Soundgarden
319,Adult.
320,Depeche Mode
321,The Creation
322,Anohni
323,Grid
324,Daym Arocena
325,"Jean-Michel Blais, Cfcf"
326,Buzzcocks
327,Midori Takada
328,Fleetwood Mac
329,Jos James
330,Ed Sheeran
331,Steve Lacy
332,"John Carpenter, Ennio Morricone"
333,The Notorious B.I.G.
334,Puff Daddy & The Family
335,Elliott Smith
336,Why?
337,Erasmo Carlos
338,Dmx
339,Six Organs Of Admittance
340,Flume
341,Weezer
342,Sir
343,Call Super
344,"Fat Joe, Remy Ma"
345,Fatima Yamaha
346,Amnesia Scanner
347,Neil Young
348,Young Marco
349,Paul White [Ft. Danny Brown]
350,Maggie Rogers
351,Ryan Adams
352,Lupe Fiasco
353,Ornette Coleman
354,The Other People Place
355,Jim Orourke
356,Differ-Ent
357,Big Sean
358,Elbow
359,Syd
360,Matthew Shipp Trio
361,Ramzi
362,"M. Lamar, Hunter Hunt-Hendrix"
363,"Neill Von Tally, The Last Artful, Dodgr"
364,K. Leimer
365,Sleater-Kinney
366,Strawberry Switchblade
367,Banana
368,Urochromes
369,Wiley
370,Los Lichis
371,Kehlani
372,Cep
373,Max Richter
374,Egyptrixx
375,"Ariel Pink, Weyes Blood"
376,Pinegrove
377,P.O.S
378,Jefe
379,Matthew Dear
380,Of Montreal
381,Trouble
382,Richard Pinhas
383,Trey Songz
384,Bell Biv Devoe
385,Stefflon Don
386,Naaahhh
387,"Shackleton, Vengeance Tenfold"
388,Gabriel Garzn-Montano
389,The Flaming Lips
390,"Kid Koala, Emiliana Torrini"
391,Shintaro Sakamoto
392,Sheer Mag
393,Joan Of Arc
394,X-Ray Spex
395,Funkadelic
396,Chief Keef
397,Tory Lanez
398,"Suicideyear, Outthepound"
399,Afi
400,A Winged Victory For The Sullen
401,9T Antiope
402,Kool A.D.
403,Superfcie
404,"Anthony Braxton, Miya Masaoka"
405,Chavez
406,"Kleenex, Liliput"
407,Yotam Avni
408,The Lox
409,Yasiin Bey
410,"Smoke Dza, Pete Rock"
411,Senyawa
412,The-Dream
413,Elder Ones
414,The Microphones
415,Ray Charles
416,Mica Levi
417,Jeff Parker
418,Adr
419,"Ricardo Villalobos, Umho"
420,Peder Mannerfelt
421,J. Cole
422,Pink Floyd
423,Gaye Su Akyol
424,Saba
425,Kodie Shane
426,The Orchestra Of Syrian Musicians
427,Kjartan Sveinsson
428,"Gucci Mane, Lil Uzi Vert"
429,Young Male
430,Fetty Wap
431,Coldcut
432,"Joan As Police Woman, Benjamin Lazar Davis"
433,Sun Ra
434,Dungen
435,"Mica Levi, Oliver Coates"
436,Jay Daniel
437,Burial
438,Yg
439,"Steve Reich, Terry Riley"
440,Bully Fae
441,Kate Bush
442,E-40
443,Ice Cube
444,"Oneida, Rhys Chatham"
445,Vicky Chow
446,"Gucci Mane, Future"
447,Porter Ricks
448,Mike Watt
449,Flasher
450,Papa M
451,Yaroze Dream Suite
452,Lorenzo Senni
453,Mantra Percussion
454,French Montana
455,Emeli Sand
456,Ken Thomson
457,Philip Glass
458,Bibi Bourelly
459,"Okkyung Lee, Christian Marclay"
460,The Men
461,Hudson Mohawke
462,Rachel'S
463,Uniform
464,The Chainsmokers
465,Mary Halvorson
466,A$Ap Mob
467,Abba
468,"Sun Ra, Merzbow"
469,The Dean Ween Group
470,Rich The Kid
471,Pussy Riot
472,Huerco S.
473,Otis Redding
474,Miles Davis Quintet
475,Roman Flgel
476,Syrinx
477,"Patrick Cowley, Candida Royalle"
478,Dram
479,Luis
480,Jojo
481,Sleaford Mods
482,Jonathan Finlayson & Sicilian Defense
483,Axis: Sova
484,Kag
485,Gods Wisdom
486,Boogie
487,Powell
488,Wife
489,Mono
490,Wadada Leo Smith
491,Randy Newman
492,Purling Hiss
493,Johnny Jewel
494,Pat Thomas
495,Dva [Hi:Emotions]
496,Goat
497,Mv & Ee
498,Janet Jackson
499,Dj Mustard
500,The Caretaker
501,Jack Rose
502,Lusa Maita
503,Darcy James Argue'S Secret Society
504,"Masayoshi Fujita, Jan Jelinek"
505,S U R V I V E
506,Steve Reich
507,Carl Stone
508,Thomas Brinkmann
509,Blonde Redhead
510,Machinedrum
511,Pallbearer
512,Kool Keith
513,Julius Eastman
514,"Bryce Dessner, Aaron Dessner"
515,"Dj Fresh, Ezale"
516,Touch Amor
517,"Matthew Shipp, Bobby Kapp"
518,"Kaitlyn Aurelia Smith, Suzanne Ciani"
519,Fudge
520,Tim Presley
521,Manuel Gttsching
522,M.I.A.
523,Jhann Jhannsson
524,Jack White
525,Vox Clamantis
526,Caetano Veloso
527,P.S. Eliot
528,Carly Rae Jepsen
529,Circle
530,Terry Riley
531,De La Soul
532,Nots
533,D.A.R.K.
534,Junior Boys
535,Prince
536,"Soundwalk Collective, Patti Smith, Jesse Paris Smith"
537,Prophets Of Rage
538,Porches
539,"Gucci Mane, Zaytoven"
540,The Roots
541,Kornl Kovcs
542,Feral
543,Battle Trance
544,Charlotte Day Wilson
545,Tokyo Black Star
546,Sharon Jones And The Dap-Kings
547,Tree
548,Scott Walker
549,"Steve Lehman, Slbyone"
550,Ka
551,"Atticus Ross, Leopold Ross, Bobby Krlic"
552,Dj Earl
553,Lexxi
554,Pill
555,Mal Devisa
556,Slow Club
557,Pj Harvey
558,2 Chainz
559,Ryley Walker
560,The 7Th Plain
561,Dj Snake
562,M. Geddes Gengras
563,Zhu
564,Cluster Ensemble
565,Michael Jackson
566,"Delia Derbyshire, Elsa Stansfield"
567,Descendents
568,Thunder Tillman
569,Nao
570,Steve Aoki
571,Owen
572,Titus Andronicus
573,Meshuggah
574,"Mary Lattimore, Jeff Zeigler"
575,Red Hot Chili Peppers
576,No Joy
577,Elza Soares
578,Stwo
579,"Blu, Nottz"
580,Notekillers
581,"21 Savage, Metro Boomin"
582,Pauline Oliveros
583,Max Romeo
584,Mstrkrft
585,Pylon
586,Wolfgang Tillmans
587,Shackleton
588,Migos
589,Betty Davis
590,Jackmaster
591,Darkstar
592,Arca
593,John Roberts
594,Maxwell
595,Kelsey Lu
596,Risn Murphy
597,Gggs
598,Scharpling & Wurster
599,"Nils Frahm, Woodkid"
600,Aphex Twin
601,The Game
602,Hot Hot Heat
603,Magic!
604,Egisto Macchi
605,Sunpath
606,"Future, Dj Esco"
607,"Jim Orourke, Fennesz"
608,Bruce Springsteen
609,"Blut Aus Nord, Vangelist"
610,Bjarki
611,Suicide
612,"John Cage, Sun Ra"
613,G.L.O.S.S.
614,Disclosure
615,George Harrison
616,Yung
617,Kodak Black
618,Nails
619,Van Morrison
620,"Laraaji, Sun Araw"
621,Waxahatchee
622,Nate Wooley
623,Air
624,Cornelius
625,Paul Simon
626,Terry Reid
627,Mourn
628,The Strokes
629,The Kills
630,Melvins
631,"Moonface, Siinai"
632,Payroll Giovanni
633,Slum Village
634,The Wailers
635,Fifth Harmony
636,Dm-Funk
637,Die Antwoord
638,Jank
639,Pup
640,"Robert Glasper, Miles Davis"
641,Africans With Mainframes
642,The Underachievers
643,Wolf Parade
644,Rhys Chatham
645,Post Malone
646,Oscar
647,Nothing
648,Pinkshinyultrablast
649,Miles Davis
650,Death Grips
651,Pita
652,Luh
653,Helado Negro
654,Meyhem Lauren
655,"Jack Dejohnette, Ravi Coltrane, Matthew Garrison"
656,Big Black Delta
657,Egyptian Lover
658,Holy Ghost!
659,Lush
660,Dlek
661,"Ensemble Dal Niente, Deerhoof"
662,Susanna
663,Beyonc
664,Antwon
665,Bill Evans
666,"Dj Quik, Problem"
667,"Konono N1, Batida"
668,Lawrence
669,Carlos Nio & Friends
670,Sturgill Simpson
671,Toyomu
672,Sam Beam & Jesca Hoop
673,Mr. Lif
674,Colin Stetson
675,"Tyler Friedman, Samuel Rohrer"
676,Niki And The Dove
677,Into It. Over It.
678,Frightened Rabbit
679,"Trd, Grs Och Stenar"
680,Teen Suicide
681,"Henry Threadgill, Ensemble Double-Up"
682,Dvsn
683,The Last Shadow Puppets
684,Autolux
685,Leon Vynehall
686,Tombs
687,Com Truise
688,Black Milk & Nat Turner
689,Nisennenmondai
690,Black Mountain
691,The Monochrome Set
692,Zayn
693,Moderat
694,Brad Fiedel
695,Anthony Braxton
696,Studio Ost
697,Babyfather
698,Masami Akita & Eiko Ishibashi
699,Father
700,Margo Price
701,"Vijay Iyer, Wadada Leo Smith"
702,Charli Xcx
703,Starchild & The New Romantic
704,Lucius
705,"The Body, Full Of Hell"
706,"Boris, Merzbow"
707,Open Mike Eagle & Paul White
708,"Bonnie Prince Billy, Bitchin Bajas"
709,Gadget
710,Hlos
711,Chris Forsyth And The Solar Motel Band
712,The Feelies
713,Fake Boyfriend
714,Immix Ensemble & Vessel
715,The Range
716,Lpsley
717,M. Ward
718,The Big Pink
719,"Lil Wayne, 2 Chainz"
720,Polia
721,Mikael Seifu
722,Soulwax
723,Oranssi Pazuzu
724,Loretta Lynn
725,Especia
726,Na
727,"Glenn Kotche, So Percussion"
728,"Macklemore, Ryan Lewis"
729,John Cale
730,Amthst
731,"James Holden, Luke Abbott"
732,Yo Gotti
733,Santigold
734,Cavern Of Anti-Matter
735,Rangda
736,"Jesu, Sun Kil Moon"
737,"Anna Homler, Steve Moshier"
738,Jack Garratt
739,Mavis Staples
740,Moodymann
741,Why Khaliq
742,Rokia Traor
743,Daniel Wohl
744,The Skiffle Players
745,Boosie Badazz
746,Knxwledge
747,Sicko Mobb
748,Foxes
749,Milk N Cookies
750,"Vic Spencer, Chris Crack"
751,Massive Attack
752,Kevin Gates
753,King
754,Lucinda Williams
755,Money
756,Lee Hazlewood
757,This Heat
758,Wet
759,Majical Cloudz
760,"Snoop Dogg, Daz Dillinger"
761,Little Simz
762,Future
763,The High Llamas
764,Number Girl
765,Suede
766,Dust
767,Lucrecia Dalt
768,Albert Ayler
769,Mila J
770,Timbaland
771,Kelela
772,Lycus
773,Lil Bibby
774,7 Year Bitch
775,Busta Rhymes
776,Cozz
777,Paper Days
778,Mood Ii Swing
779,Craw
780,Mikael Tariverdiev
781,Odd Nosdam
782,Kyle Hall
783,Kid Cudi
784,Gag
785,The Soft Pink Truth
786,Ennio Morricone
787,"Aesop Rock, Homeboy Sandman"
788,Pusha T
789,Harmonia
790,Wiki
791,G-Eazy
792,Gum
793,Stephan Mathieu
794,Jennylee
795,The Velvet Underground
796,Laddio Bolocko
797,Cass Mccombs
798,Lubomyr Melnyk
799,Ilovemakonnen
800,Zora Jones
801,Pope Francis
802,Sunn O)))
803,Sophie
804,The Blue Jean Committee
805,Gloria Ann Taylor
806,Danny L Harle
807,Erykah Badu
808,"Muja Messiah, I Self Devine"
809,Punch Brothers
810,Doug Hream Blunt
811,Parquet Courts
812,John Coltrane
813,"The Body, Krieg"
814,Andr Bratten
815,Dragged Into Sunlight / Gnaw Their Tongues
816,Kneebody And Daedelus
817,Natalie Prass
818,En
819,Enya
820,Andrew Hung
821,"Shye Ben Tzur, Jonny Greenwood, The Rajasthan Express"
822,Kurt Stenzel
823,F(X)
824,Nef The Pharaoh
825,Justin Bieber
826,Alessia Cara
827,The Pains Of Being Pure At Heart
828,Jeff Lynnes Elo
829,Tim Hecker
830,Cool Uncle
831,A Tribe Called Quest
832,"Glenn Kotche, John Luther Adams"
833,"Talib Kweli, 9Th Wonder"
834,Puff Daddy
835,Frankie Cosmos
836,Trust Fund
837,"Connan Mockasin, Devont Hynes"
838,Special Request
839,Amy Winehouse
840,Joshua Abrams
841,Fuzz
842,"French Montana, Fetty Wap"
843,Boots
844,Tropic Of Cancer
845,"Hieroglyphic Being, J.I.T.U. Ahn-Sahm-Buhl"
846,Yautja
847,"Dave Gahan, Soulsavers"
848,"Madlib, M.E.D., Blu"
849,Vhl
850,Shining
851,Ty Dolla $Ign
852,Franoise Hardy
853,Dj Firmeza
854,Joanna Newsom
855,Weyes Blood
856,Yacht
857,Zomby
858,Windhand
859,St Germain
860,Milo
861,Doughboyz Cashout
862,Mga
863,Alex G
864,The Decemberists
865,Donato Dozzy
866,Christian Scott Atunde Adjuah
867,Co La
868,"Ryan Hemsworth, Lucas"
869,Jay Rock
870,Sarah Kirkland Snider
871,Anderson .Paak
872,Chvrches
873,Juicy J
874,Toro Y Moi
875,T.I.
876,"Fennesz, King Midas Sound"
877,"Drake, Future"
878,New Order
879,Kurt Vile
880,Donmonique
881,The Arcs
882,Dit
883,The Roadside Graves
884,Dope Body
885,Blackalicious
886,"Merzbow, Jim Orourke, Akira Sakata, Chikamorachi"
887,Venetian Snares
888,Travis Scott
889,Pole
890,Dj Richard
891,Fidlar
892,The Isley Brothers
893,Rick Ross
894,Mueller & Roedelius
895,Lower
896,Helen
897,Savant
898,Empress Of
899,The Libertines
900,Miley Cyrus
901,Method Man
902,Destroyer
903,Daniel.T.
904,Myrkur
905,"Bitchin Bajas, Natural Information Society"
906,Drinks
907,Ghost
908,Glassine
909,Monk Parker
910,Jackson C. Frank
911,The Good Life
912,Fka Twigs
913,"Berner, The Jacka"
914,Dave Cloud & The Gospel Of Power
915,Stern
916,Guilty Simpson
917,"Aphex Twin, Afx"
918,Mark Lanegan
919,Tink
920,Aye Nako
921,Pavement
922,Blondes
923,Gangrene
924,Dej Loaf
925,Dr. Dre
926,Team Sleep
927,Lizzy Mercier Descloux
928,"Lil B, Chance The Rapper"
929,Donnacha Costello
930,Joe Plummer
931,"Robyn, La Bagatelle Magique"
932,Slim Twig
933,Warren G
934,Trae Tha Truth
935,La Luz
936,Pearl Charles
937,Health
938,The Coneheads
939,Florian Kupfer
940,Mark Barrott
941,Jessy Lanza
942,Teenage Time Killers
943,R. Andrew Lee
944,William Basinski
945,Julio Bashmore
946,Dj Roc
947,Illfightyou
948,Ms Mr
949,Mario Diaz De Leon
950,Cfcf
951,"Kool Keith, L'Orange"
952,Sly And The Family Stone
953,Fox Millions Duo
954,Ducktails
955,Wavves X Cloud Nothings
956,Ty Money
957,Years & Years
958,"Ben Bridwell, Iron & Wine"
959,The Chemical Brothers
960,Nadastrom
961,The Alchemist
962,Chester Watson
963,Karin Krog
964,Envy
965,Peacers
966,The Internet
967,Lil Wayne
968,Beatking
969,The Tough Alliance
970,Lee Bannon
971,Ghostface Killah & Adrian Younge
972,Matrixxman
973,Four Tet
974,Class Actress
975,Lucki Eck$
976,Kronos Quartet
977,London Oconnor
978,Vince Staples
979,Everything Everything
980,Blawan
981,Main Attrakionz
982,Dave Douglas
983,Smokey
984,Bomba Estreo
985,The National
986,"S. Araw ""Trio"" Xi"
987,Meg Baird
988,Nils Frahm
989,Robert Glasper Trio
990,Todd Terje
991,Giorgio Moroder
992,Klsch
993,Fucked Up
994,Namie Amuro
995,Princess Chelsea
996,Dj Koze
997,Mates Of State
998,Ffs
999,Bruce Brubaker
1000,Pins
1001,Sharon Van Etten
1002,Institute
1003,Faith No More
1004,Insect Ark
1005,Sightings
1006,Nicolay
1007,Stellar Om Source
1008,In Camera
1009,Amir Alexander
1010,Florence And The Machine
1011,Soak
1012,Kosmo Kat
1013,Strategy
1014,The Vaccines
1015,A$Ap Rocky
1016,Gucci Mane
1017,Smurphy
1018,Shilpa Ray
1019,Cecil Taylor
1020,Loren Connors
1021,Bankroll Fresh
1022,Prefuse 73
1023,Coliseum
1024,"David Kauffman, Eric Caboor"
1025,Beatriz Ferreyra
1026,Michael Angelo
1027,Ciara
1028,Red House Painters
1029,Jazz Cartier
1030,Todd Rundgren/Emil Nikolaisen/Hans-Peter Lindstrm
1031,Loke Rahbek & Puce Mary
1032,Towkio
1033,Slug
1034,Hagerty-Toth Band
1035,Jackson Scott
1036,Mg
1037,Looper
1038,Sasha Go Hard
1039,"Colin Stetson, Sarah Neufeld"
1040,"Jeremiah Jae, L'Orange"
1041,The Very Best
1042,Death
1043,Tei Shi
1044,Girl Band
1045,Kmd
1046,Low Jack
1047,Tori Amos
1048,M.C. Schmidt
1049,Sonic Youth
1050,"Rome Fortune, Ceej"
1051,Obnox
1052,Curren$Y
1053,Royal Thunder
1054,Say Lou Lou
1055,Gabi
1056,T-Pain
1057,Disasterpeace
1058,Benot Pioulard
1059,Tufthunter
1060,Madeon
1061,Fllakzoid
1062,The Prodigy
1063,Clark
1064,Ratking
1065,The Jon Spencer Blues Explosion
1066,Earl Sweatshirt
1067,The Silence
1068,Andy Kim
1069,Tinashe
1070,Maxo Kream
1071,Flicia Atkinson
1072,Glen Hansard
1073,Rahel
1074,Cana
1075,Pyramids
1076,"Popol Vuh, Florian Fricke"
1077,White Gzus
1078,Lotic
1079,Mo Kolours
1080,Ranger
1081,Lieutenant
1082,Sarah Bethe Nelson
1083,Jon Hopkins
1084,Black Cilice
1085,Og Maco
1086,Swervedriver
1087,"Oren Ambarchi, Jim Orourke"
1088,David Borden
1089,Thin Lizzy
1090,Pile
1091,"Mndr, Sweet Valley"
1092,Pelican
1093,Hodgy
1094,"Black Twig Pickers, Steve Gunn"
1095,Diet Cig
1096,Led Zeppelin
1097,Torche
1098,Pika
1099,Dj Sotofett
1100,Carter Tutti
1101,Felix K
1102,Krill
1103,Jos Gonzlez
1104,Dan Lissvik
1105,The Staple Singers
1106,S. Carey
1107,"Ghostface Killah, Badbadnotgood"
1108,The Supreme Jubilees
1109,Sir Richard Bishop
1110,You Blew It!
1111,Emmy The Great
1112,Quarterbacks
1113,Rone
1114,Ex-Cult
1115,Zex
1116,Africa Express
1117,Jeff Bridges
1118,All We Are
1119,Half Japanese
1120,Hiss Golden Messenger
1121,Jack Name
1122,The Church
1123,Jan St. Werner
1124,Herbert
1125,Jessica Pratt
1126,Lino Capra Vaccina
1127,"The Body, Thou"
1128,Peals
1129,Ro Maron
1130,Alasdair Roberts
1131,Trinidad James
1132,Lena Willikens
1133,Young Ejecta
1134,Petite Noir
1135,Young L
1136,The Go-Betweens
1137,Viet Cong
1138,Leather Corduroys
1139,Amen Dunes
1140,The Dodos
1141,Ascension
1142,Red Red Meat
1143,Mike Jones
1144,Itasca
1145,Geotic
1146,Arthur
1147,Tut
1148,James Murphy
1149,"Brian Chippendale, Greg Saunier"
1150,Niia X The Range
1151,"Dangelo, The Vanguard"
1152,Canooooopy
1153,Theo Parrish
1154,A$Ap Ferg
1155,The Jacka
1156,Old Man Gloom
1157,Los Campesinos!
1158,King Gizzard & The Lizard Wizard
1159,Flake Music
1160,Sd
1161,"Merzbow, Full Of Hell"
1162,At The Gates
1163,"Brian Eno, Jon Hassell"
1164,Mark Mcguire
1165,Gabriel Saloman
1166,Mogwai
1167,Songs: Ohia
1168,Giraffage
1169,Mouse On Mars
1170,Ariel Kalma
1171,Barnt
1172,Faust
1173,Diarrhea Planet
1174,"Savages, Bo Ningen"
1175,Tv On The Radio
1176,Mykki Blanco
1177,Bedhead
1178,Ryksopp
1179,2562
1180,Torn Hawk
1181,Captain Beefheart
1182,Parkay Quarts
1183,Elisa Ambrogio
1184,Dream Police
1185,Livity Sound
1186,Cave
1187,The Afghan Whigs
1188,Elliphant
1189,Black Milk
1190,Blut Aus Nord
1191,Pig Destroyer
1192,Inter Arma
1193,Scott Walker + Sunn O)))
1194,Felicita
1195,The Pop Group
1196,Lewis
1197,A-Wax
1198,Dj Quik
1199,Drexciya
1200,Kele
1201,Jawbreaker
1202,Cut Hands
1203,Boards Of Canada
1204,Absolutely Free
1205,Dads
1206,Foxygen
1207,Kode9 & The Spaceape
1208,Sbtrkt
1209,Caribou
1210,Pissed Jeans
1211,Flying Lotus
1212,Luke James
1213,"Birdman, Young Thug, Rich Homie Quan"
1214,Masters At Work
1215,Thom Yorke
1216,"Takako Minekawa, Dustin Wong"
1217,Oasis
1218,Witch Mountain
1219,Z
1220,S
1221,The Smashing Pumpkins
1222,Mapei
1223,Arp
1224,Laetitia Sadier
1225,Salt Cathedral
1226,Dan'L Boone
1227,Foxes In Fiction
1228,Youth Code
1229,Mecca Normal
1230,Matthew Shipp
1231,Iron Reagan
1232,Moonface
1233,Krieg
1234,The Ukiah Drag
1235,Jo Johnson
1236,Sloan
1237,Karen O
1238,Ital
1239,Mutual Benefit
1240,Earth
1241,Yob
1242,Sinoia Caves
1243,Music Blues
1244,Twerps
1245,Dark Sky
1246,Marcel Dettmann
1247,The Bug
1248,The Young
1249,Jj
1250,Black Rain
1251,Willis Earl Beal
1252,Sinad O'Connor
1253,Tashi Dorji
1254,The Gaslight Anthem
1255,B L A C K I E
1256,Zeitkratzer
1257,Operators
1258,Moir
1259,Electric Wrms
1260,Kenny Dope
1261,Martyrdd
1262,King Louie
1263,Abysmal Lord
1264,The Rosebuds
1265,Hideki Kaji
1266,David Kilgour And The Heavy Eights
1267,Stardeath And White Dwarfs
1268,Wolfgang Voigt
1269,Hanssen
1270,Zackey Force Funk
1271,Default Genders
1272,The Raveonettes
1273,The Unicorns
1274,The Acid
1275,Common
1276,"Jeremih, Shlohmo"
1277,White Fence
1278,Tessela
1279,Freeman
1280,La Roux
1281,James Blackshaw
1282,Anna Calvi
1283,Mr. Dream
1284,Araabmuzik
1285,"Rioux, Stephon Alexander"
1286,Peter Murphy
1287,Dj Dodger Stadium
1288,Morrissey
1289,"Steve Gunn, Mike Cooper"
1290,Tonstartssbandht
1291,Mellowhype
1292,Late Bloomer
1293,Spazzkid
1294,Will Saul
1295,Sighs
1296,Black Anvil
1297,Babe Rainbow
1298,Braid
1299,Kasai Allstars
1300,Godflesh
1301,"Brian Eno, Karl Hyde"
1302,Motion Sickness Of Time Travel
1303,Dalhous
1304,Eaters
1305,Cabaret Voltaire
1306,Plastikman
1307,Caustic Window
1308,Riff Raff
1309,Ulises Conti
1310,White Reaper
1311,Craig Leon
1312,Black Bananas
1313,Harassor
1314,Strand Of Oaks
1315,Dan Melchior Und Das Menace
1316,How To Dress Well
1317,The Knife
1318,Richard Reed Parry
1319,Devont Hynes
1320,Donnie & Joe Emerson
1321,Yaitw
1322,Mariah Carey
1323,Stick Against Stone
1324,Chris Schlarb
1325,Alice Boman
1326,Lust For Youth
1327,Mayhem
1328,Sbastien Tellier
1329,Hamilton Leithauser
1330,50 Cent
1331,Well$
1332,David Lang
1333,"Tom Carter, Pat Murano"
1334,"Buzz ""King Buzzo"" Osborne"
1335,Copeland
1336,Dj Sprinkles
1337,Officer!
1338,Trash Talk
1339,Leslie Winer
1340,G-Side
1341,Son Lux
1342,"Ryksopp, Robyn"
1343,"Oren Ambarchi, Stephen Omalley, Randall Dunn"
1344,Lantls
1345,Carl Hultgren
1346,Leyland Kirby Presents V/Vm
1347,Datashock
1348,Mac Miller
1349,Traxman
1350,Big Boys
1351,Elijah & Skilliam
1352,Mason Bates
1353,Herzog
1354,Arto Lindsay
1355,Iamsu!
1356,Wooden Wand
1357,Low Pros
1358,Teitanblood
1359,Kemialliset Ystvt
1360,Mirah
1361,Goldlink
1362,Dj Rashad
1363,Mark E
1364,"Lee, Ar-2"
1365,Sfv Acid
1366,Baths
1367,Mincemeat Or Tenspeed
1368,"Creation Rebel, New Age Steppers"
1369,Wovenhand
1370,William Tyler
1371,Sd Laika
1372,Prins Thomas
1373,Fennesz
1374,Yuck
1375,Olga Bell
1376,"Gucci Mane, Young Thug"
1377,Thee Silver Mt. Zion Memorial Orchestra
1378,Doss
1379,Beach Slang
1380,A Minor Forest
1381,Pharoahe Monch
1382,Tourist
1383,David Lynch
1384,Teen
1385,Lcd Soundsystem
1386,"J. Spaceman, Kid Millions"
1387,For Against
1388,"Davinci, Sweet Valley"
1389,Wyrd Visions
1390,Dj Q
1391,Jessica Lea Mayfield
1392,Walls/Oram
1393,Bikini Kill
1394,Ghetto Ghouls
1395,Amps For Christ
1396,"Girl Talk, Freeway"
1397,Man Forever With So Percussion
1398,Sohn
1399,"Squarepusher, Z-Machines"
1400,Off!
1401,The Faint
1402,Small Black
1403,Horseback
1404,The Brothers & Sisters
1405,Twilight
1406,Owls
1407,Pan Sonic
1408,"Jonny Greenwood, Bryce Dessner"
1409,Evian Christ
1410,Offenders
1411,Black Lips
1412,Woo
1413,Nocando
1414,Le1F
1415,Ringworm
1416,Move D
1417,Trust
1418,"Madlib, Freddie Gibbs"
1419,Benedek
1420,Peter Walker
1421,Sun Araw
1422,M
1423,Pharrell
1424,Lakutis
1425,Eadonmm
1426,Tunde Olaniran
1427,"Obey City, Seiho"
1428,Tomas Barfod
1429,Nguzunguzu
1430,None
1431,Skaters
1432,Bob Mould
1433,Superchunk
1434,Ramesh
1435,Magic Touch
1436,Peter Buck
1437,New Bums
1438,Karen Gwyer
1439,Optimo
1440,Woods Of Desolation
1441,Hands
1442,Angel Olsen
1443,Brigitte Fontaine
1444,Planningtorock
1445,Band Of Horses
1446,Afterhours
1447,Speedy Ortiz
1448,Foetus
1449,Modern Baseball
1450,Katy B
1451,Holly Herndon
1452,"Sunn O))), Ulver"
1453,Jerome Lol
1454,Aa
1455,Dj Dog Dick
1456,Maximo Park
1457,Ceo
1458,Uncle Tupelo
1459,Argentinum Astrum
1460,Michael Yonkers
1461,Indian
1462,Damien Jurado
1463,Bill Callahan
1464,Vex
1465,Nick Drake
1466,Alcest
1467,Doug Paisley
1468,Pangaea
1469,The John Lurie National Orchestra
1470,Nina Kraviz
1471,Fabolous
1472,The Lucksmiths
1473,Peter Morn
1474,Del Tha Funkee Homosapien
1475,Sick Thoughts
1476,Pixies
1477,Luciano Cilio
1478,"Busta Rhymes, Q-Tip"
1479,Ukkonen
1480,King L
1481,Barnett + Coloccia
1482,Justus Khncke
1483,Sada Bonaire
1484,The Thing
1485,Vangelist
1486,Bjrn Torske
1487,Robert Beatty
1488,David Novick
1489,"Don Trip, Starlito"
1490,Physical Therapy
1491,Patten
1492,Kallisti
1493,Francis And The Lights
1494,Capsule
1495,Mike Donovan
1496,Emily Jane White
1497,"Flume, Chet Faker"
1498,Guido
1499,Phill Niblock
1500,Raum
1501,Thee Oh Sees
1502,Hellfyre Club
1503,Teengirl Fantasy
1504,Mick Turner
1505,Title Fight
1506,"Okkyung Lee, C. Spencer Yeh, Lasse Marhaug"
1507,Willie Burns
1508,Logos
1509,Fins
1510,The Stranger
1511,Fis
1512,Magik Markers
1513,"Kurt Vile, Sore Eros"
1514,Throwing Muses
1515,John Talabot
1516,The Beatles
1517,Gatekeeper
1518,Tennis
1519,Musiccargo
1520,William Onyeabor
1521,"Kronos Quartet, Bryce Dessner"
1522,"Action Bronson, Party Supplies"
1523,Wooden Wand & The World War Iv
1524,"Boldy James, The Alchemist"
1525,Yvette
1526,Eminem
1527,Widowspeak
1528,Doley Bernays
1529,Swearin
1530,The Beta Band
1531,Miracle
1532,Yancey Boys
1533,Upset
1534,Atlantean Kodex
1535,Paavoharju
1536,Autechre
1537,Dosh
1538,Kwes
1539,Red Fang
1540,Matthew E. White
1541,Motrhead
1542,Deco
1543,School Of Night
1544,The Dismemberment Plan
1545,Frog Eyes
1546,Hoax
1547,Dean Wareham
1548,In Solitude
1549,The Dirtbombs
1550,Diplo
1551,Sons Of The Morning
1552,Albert Hammond Jr.
1553,Brendan Canning
1554,Alex Chilton
1555,Roy Harper
1556,Trentemller
1557,Rjd2
1558,Forest Fire
1559,The Field
1560,Justin Timberlake
1561,Loss Of Self
1562,Dustin Wong
1563,Girls Against Boys
1564,Jesu
1565,Icona Pop
1566,Peter Gabriel
1567,Nirvana
1568,Ariana Grande
1569,G-Dragon
1570,Kyson
1571,Carol Kleyn
1572,The Dead C
1573,London Grammar
1574,Lake
1575,Mgmt
1576,Balance And Composure
1577,Elizabeth Morris
1578,Man Man
1579,Janelle Mone
1580,Mm
1581,Jackson And His Computerband
1582,The Howling Wind
1583,Neko Case
1584,Vasaeleth
1585,Marcos Cabral
1586,Venom P. Stinger
1587,Vieux Farka Tour
1588,Exhumed
1589,Diana
1590,Laura Veirs
1591,Roach Gigz
1592,White Hills
1593,Jeremiah Jae
1594,No Age
1595,Braids
1596,Jonwayne
1597,Robbie Basho
1598,Sampha
1599,"Mark Kozelek, Desertshore"
1600,Ras G
1601,Dbridge
1602,Rudimental
1603,"Dm-Funk, Steve Arrington"
1604,Yellow Eyes
1605,"Pete Rock, Camp Lo"
1606,The Clean
1607,Bloc Party
1608,-Ziq
1609,"Prodigy, The Alchemist"
1610,Ultrasta
1611,"Sarah Lee Guthrie, Johnny Irion"
1612,"Explosions In The Sky, David Wingo"
1613,Wrekmeister Harmonies
1614,Lesbian
1615,Kyary Pamyu Pamyu
1616,Helen Marnie
1617,Whirr
1618,Baroness
1619,Chance
1620,Nylo
1621,Clap Your Hands Say Yeah
1622,Rl Grime
1623,Nobody
1624,Weekend
1625,Dunkelziffer
1626,Hospital Ships
1627,The Mountain Goats
1628,Roedelius Schneider
1629,Mark Mulcahy
1630,Andy Kaufman
1631,Ghost Outfit
1632,Alex Burkat
1633,Young Moe
1634,Devo
1635,"Keith Fullerton Whitman, Floris Vanhoof"
1636,Freddie Gibbs
1637,Ruby Pins
1638,Carl Craig
1639,Katie Got Bandz
1640,Townes Van Zandt
1641,James Holden
1642,Tnt Subhead
1643,Knx
1644,Css
1645,Hailu Mergia
1646,Daftside
1647,The Ex & Brass Unbound
1648,High On Fire
1649,Gunplay
1650,Candy Claws
1651,Jagwar Ma
1652,Action Bronson
1653,Oren Ambarchi | Keiji Haino | Jim O'Rourke
1654,Close
1655,Protomartyr
1656,Sigur Rs
1657,Rodan
1658,Lansing-Dreiden
1659,Benga
1660,The Jet Age Of Tomorrow
1661,Koreless
1662,Phaseone
1663,"Chris Corsano, Bill Orcutt"
1664,Asg
1665,Ryan Hemsworth
1666,Cleaners From Venus
1667,Queens Of The Stone Age
1668,Human Eye
1669,"Rivers Cuomo, Scott Murphy"
1670,Kingdom
1671,The Source Family
1672,Scout Niblett
1673,Laura Mvula
1674,Vr
1675,Mark Lanegan & Duke Garwood
1676,Slava
1677,The Breeders
1678,R.E.M.
1679,Wild Nothing
1680,Tera Melos
1681,Pharaohs
1682,Aosoth
1683,Gobby
1684,Howl
1685,Chance The Rapper
1686,Neon Neon
1687,Wax Idols
1688,Sandwell District
1689,Hessian
1690,Wiz Khalifa & Curren$Y
1691,"The Album Leaf, Sun Kil Moon"
1692,The Heliocentrics
1693,Woe
1694,M83
1695,The Boy Least Likely To
1696,Yellowman
1697,Anika
1698,Big K.R.I.T.
1699,Meat Puppets
1700,Cassie
1701,Snapper
1702,Skagos
1703,David Grubbs
1704,Disappears
1705,Team Ghost
1706,Alpoko Don
1707,A Hawk And A Hacksaw
1708,Born Ruffians
1709,Wolf Eyes
1710,Luxury Liners
1711,Lafur Arnalds
1712,Steve Mason
1713,James Blake
1714,Toxic Holocaust
1715,Black Rebel Motorcycle Club
1716,James Ferraro
1717,Alex Calder
1718,Fiend
1719,Vondelpark
1720,Goldie
1721,Sid Hemphill
1722,Lapalux
1723,Jace Clayton
1724,Call Of The Void
1725,Blu
1726,Blanche Blanche Blanche
1727,Oval
1728,Ensemble Pearl
1729,Lady
1730,Deptford Goth
1731,Hit-Boy
1732,Deniro Farrar
1733,Leven Signs
1734,Anas Mitchell & Jefferson Hamer
1735,Dave Grohl
1736,Bandshell
1737,Boldy James
1738,Toy Love
1739,Ellen Allien
1740,Pete Swanson
1741,How To Destroy Angels_
1742,Javelin
1743,Horna
1744,Gold Panda
1745,"Lloyd Cole, Hans-Joachim Roedelius"
1746,Pvt
1747,Mozarts Sister
1748,Vietnam
1749,The Mississippi Sheiks
1750,Destruction Unit
1751,Prurient
1752,Atoms For Peace
1753,Black Twig Pickers
1754,The Howling Hex
1755,Waka Flocka Flame
1756,Feeding People
1757,"Bonnie Prince Billy, Dawn Mccarthy"
1758,Dur-Dur Band
1759,Moon B
1760,Iceage
1761,Qluster
1762,Paul Banks
1763,Lady Lazarus
1764,Clogs
1765,Xxxy
1766,Cakes Da Killa
1767,Bryan Ferry
1768,My Bloody Valentine
1769,Chris Darrow
1770,Actress
1771,Vado
1772,Adam Green & Binki Shapiro
1773,Amor De Das
1774,Pearl Necklace
1775,Guided By Voices
1776,Marianne Faithfull
1777,Il Sogno Del Marinaio
1778,Raekwon
1779,Pillowfight
1780,Kitty
1781,Cocaine 80S
1782,Boduf Songs
1783,The Joy Formidable
1784,Ben Ufo
1785,Spaceghostpurrp
1786,Nas
1787,Califone
1788,Alasdair Roberts & Friends
1789,Camper Van Beethoven
1790,J Dilla
1791,Jeezy
1792,Retribution Gospel Choir
1793,Dj Nature
1794,"The Congos, Sun Araw, M. Geddes Gengras"
1795,Holopaw
1796,Frankie Knuckles
1797,Pro Era
1798,"Mats Gustafsson, Colin Stetson"
1799,Roy Montgomery
1800,The Heartbreakers
1801,Larry Gus
1802,Florian Hecker
1803,Dawn Richard
1804,Broadcast
1805,Theologian
1806,Alexis Taylor
1807,A-Trak
1808,Gate
1809,Rich Kidz
1810,Raglani
1811,Lil Durk
1812,Charles Mingus
1813,Starred
1814,Jozef Van Wissem & Jim Jarmusch
1815,Captain Murphy
1816,Von
1817,Saint Etienne
1818,Memory Tapes
1819,Tiga
1820,Forgotten Tomb
1821,Interpol
1822,Allah-Las
1823,"Tim Hecker, Daniel Lopatin"
1824,Nadja
1825,X-Tg
1826,Cashmere Cat
1827,Boody & Le1F
1828,Bad Brains
1829,"E-40, Too $Hort"
1830,Downfall Of Gaia
1831,Cities Aviv
1832,Rihanna
1833,Forma
1834,Heems
1835,Isis
1836,Davinci
1837,School Of Seven Bells
1838,Mr. Muthafuckin Exquire
1839,Mark Kozelek
1840,Mad Music Inc.
1841,Prince Rama
1842,Joni Mitchell
1843,Fatima Al Qadiri
1844,Anna Meredith
1845,Trop Tard
1846,Bison B.C.
1847,Dirty Projectors
1848,Angel Haze
1849,The Coup
1850,Egyptian Hip Hop
1851,"Neil Young, Crazy Horse"
1852,"Oren Ambarchi, Robin Fox"
1853,The Secret
1854,Dark Dark Dark
1855,Hercules And Love Affair
1856,Times New Viking
1857,Prince Paul
1858,Zodiac
1859,Jason Lytle
1860,Cee-Lo Green
1861,Two Fingers
1862,Car Bomb
1863,Godspeed You! Black Emperor
1864,Ladyhawk
1865,Converge
1866,Shed
1867,Weapon
1868,Sensations' Fix
1869,Miguel
1870,Sarin Smoke
1871,Beth Orton
1872,Terror Danjah
1873,Field Music
1874,Weird Weeds
1875,Mark Eitzel
1876,Yoko Ono / Kim Gordon / Thurston Moore
1877,N Sensae
1878,Juju & Jordash
1879,"Oneohtrix Point Never, Rene Hell"
1880,Lightning Bolt
1881,Robert Hood
1882,Melodys Echo Chamber
1883,Mala
1884,Dum Dum Girls
1885,Kreayshawn
1886,Sic Alps
1887,James Iha
1888,G.O.O.D. Music
1889,Zs
1890,The Music Tapes
1891,Metronomy
1892,"David Byrne, St. Vincent"
1893,Mark Fell
1894,Lv
1895,Jens Lekman
1896,Mndr
1897,Lace Curtains
1898,The Orb
1899,Xxl
1900,Blu & Exile
1901,R. Stevie Moore
1902,Harry Pussy
1903,Ombre
1904,The Black Swans
1905,Ariel Pink'S Haunted Graffiti
1906,Dabke
1907,Mungolian Jet Set
1908,Guardian Alien
1909,Cid Rim
1910,Archers Of Loaf
1911,Oneman
1912,Nina Sky
1913,Roxy Music
1914,The Locust
1915,Willits + Sakamoto
1916,"David Lynch, Alan Splet"
1917,"Domo Genesis, The Alchemist"
1918,Three Mile Pilot
1919,Bonde Do Rol
1920,The Books
1921,Glacial
1922,Pierre Schaeffer
1923,Serengeti
1924,Blur
1925,Lost Sounds
1926,Om
1927,Cooly G
1928,Gza
1929,Blanck Mass
1930,The Antlers
1931,Gary War
1932,Tnght
1933,Luke Haines
1934,Azealia Banks
1935,Family Band
1936,Agalloch
1937,Lil Reese
1938,Tom Findlay
1939,Deathspell Omega
1940,Digitalism
1941,Everything But The Girl
1942,Deep Time
1943,A Lull
1944,R. Kelly
1945,Richard Hawley
1946,Gojira
1947,Pop Etc
1948,Kitty Pryde
1949,The Intelligence
1950,Joey Bada$$
1951,Father Yod And The Source Family
1952,The Cinematic Orchestra
1953,Onra
1954,Process Of Guilt
1955,Blues Control
1956,Bon Iver
1957,Piano Magic
1958,Friends
1959,Dexys
1960,"Arthur Russell, Peter Zummo"
1961,The Tallest Man On Earth
1962,Bullion
1963,Beak>
1964,Airbird
1965,Oddisee
1966,David Banner
1967,The Wake
1968,Mike Shiflet
1969,Japandroids
1970,Talwst
1971,Advance Base
1972,"Paul Mccartney, Linda Mccartney"
1973,"Hauschka, Hilary Hahn"
1974,Rye Rye
1975,Andrew Weatherall
1976,Pinkish Black
1977,Baio
1978,El-P
1979,Rsenkpf
1980,Ethel
1981,Lungfish
1982,The Pharcyde
1983,Me
1984,Medicine
1985,Moe Tucker
1986,Ktl
1987,Sidi Tour
1988,Killer Mike
1989,Roomrunner
1990,"David Daniell, Douglas Mccombs"
1991,Craft Spells
1992,"Geoff Barrow, Ben Salisbury"
1993,Sleep
1994,Felix
1995,Jk Flesh
1996,The Electronic Anthology Project
1997,Electric Guest
1998,"Ty Segall, White Fence"
1999,Trouble Books
2000,Bright Eyes
2001,Mohn
2002,"Billy Bragg, Wilco"
2003,Alunageorge
2004,Horse Feathers
2005,Volcano The Bear
2006,Opeth
2007,"Amps For Christ, Woods"
2008,Grinderman
2009,Rustie
2010,Dog Shredder
2011,Molly Nilsson
2012,King Felix
2013,Grouper
2014,Elite Gymnastics
2015,Vijay Iyer Trio
2016,Big Baby Gandhi
2017,Sandy Bull & The Rhythm Ace
2018,Circle Of Ouroborus
2019,Fat Trel
2020,Magic Bullets
2021,Inverloch
2022,Ooooo
2023,Janka Nabay And The Bubu Gang
2024,Nicki Minaj
2025,Ryan Power
2026,Vattnet Viskar
2027,Bear In Heaven
2028,Anas Mitchell
2029,Firehose
2030,Orbital
2031,Dr. John
2032,Lightships
2033,Au
2034,Les Discrets
2035,Wiz Khalifa
2036,Carter Tutti Void
2037,"Ben Chasny, Gala Drop"
2038,Poor Moon
2039,Black To Comm
2040,Pepe Delux
2041,"Cam'Ron, Vado, Mckenzie Eddy"
2042,Voices From The Lake
2043,S / S / S
2044,Fanfarlo
2045,Odd Future Wolf Gang Kill Them All
2046,The Host
2047,Gentleman Jesse
2048,Lee Ranaldo
2049,Dolphins Into The Future
2050,Ben Browning
2051,Daniel Rossen
2052,Tribes
2053,Sentridoh
2054,Dva
2055,Rimar
2056,Phdre
2057,Rocket Juice & The Moon
2058,Masaki Batoh
2059,Ketamines
2060,Matthewdavid
2061,Madlib
2062,The Chap
2063,Tim Fite
2064,Bbu
2065,Sophia Knapp
2066,Bodyguard
2067,David Sylvian
2068,"Ulrich Schnauss, Mark Peters"
2069,Hood
2070,Jim Jarmusch
2071,La Big Vic
2072,"Nick Catchdubs, Jackie Chain"
2073,Lucky Dragons
2074,Matt Elliott
2075,Islands
2076,Carlos Giffoni
2077,Loops Of Your Heart
2078,Dr. Dog
2079,Daphne Oram
2080,A Place To Bury Strangers
2081,Benjamin Damage & Doc Daneeka
2082,"Waka Flocka Flame, French Montana"
2083,Peaking Lights
2084,Shlohmo
2085,Evan Voytas
2086,Mighty Sparrow
2087,The Cramps
2088,Jacques Greene
2089,Richard Youngs
2090,First Aid Kit
2091,Dropxlife
2092,Hubble
2093,Dizzee Rascal
2094,Pictureplane
2095,The Kinks
2096,Cardinal
2097,"Trent Reznor, Atticus Ross"
2098,Jakob Olausson
2099,Arrange
2100,Pinch
2101,Bebetune$
2102,Mars
2103,Rivers Cuomo
2104,Mobb Deep
2105,Floating Points
2106,Tin Man
2107,Household
2108,Demdike Stare
2109,"Cam'Ron, Dj Drama, Vado"
2110,Neutral Milk Hotel
2111,Jet Life
2112,Squadda B
2113,The Cure
2114,Nate Young
2115,The D
2116,Brodinski
2117,The Weeknd
2118,Darkside
2119,This Mortal Coil
2120,Wives
2121,Keep Shelly In Athens
2122,Throbbing Gristle
2123,"Fennesz, Sakamoto"
2124,Kid Sister
2125,Yamantaka // Sonic Titan
2126,Jnsi
2127,Ymusic
2128,Crystal Stilts
2129,"Statik Selektah, Action Bronson"
2130,Luke Roberts
2131,The Bats
2132,Radio Slave
2133,Dwarr
2134,Maria Minerva
2135,Twilight Singers
2136,M.E.D.
2137,The Louvin Brothers
2138,Salem
2139,Gorillaz
2140,"Blues Control, Laraaji"
2141,Zambri
2142,"Kieran Hebden, Mats Gustafsson, Steve Reid"
2143,The Smiths
2144,Zed Bias
2145,The Olivia Tremor Control
2146,Esben And The Witch
2147,Cynic
2148,Gonjasufi
2149,Faltydl
2150,King Krule
2151,Future Of The Left
2152,200 Years
2153,Coasting
2154,Misfits
2155,"Brian Eno, Rick Holland"
2156,Weird Wives
2157,Locrian
2158,Erkin Koray
2159,Phantogram
2160,The King Khan Experience
2161,"Metallica, Lou Reed"
2162,The Soft Moon
2163,"Black Milk, Danny Brown"
2164,Void
2165,Jam City
2166,John Fahey
2167,Machine Head
2168,Rob Crow
2169,Roberto Cacciapaglia
2170,Scuba
2171,Justice
2172,Stevie Jackson
2173,Surfer Blood
2174,Tom Waits
2175,White Denim
2176,Talk Talk
2177,Dntel
2178,Mark Sultan
2179,Noel Gallagher'S High Flying Birds
2180,Julianna Barwick
2181,Ayshay
2182,Blue Daisy
2183,Young Man
2184,Stare Case
2185,Leyland Kirby
2186,Spank Rock
2187,Mekons
2188,Total Slacker
2189,Brett Anderson
2190,Twin Sister
2191,Bvdub
2192,Fred Mcdowell
2193,Van Dyke Parks
2194,S.C.U.M.
2195,Apparat
2196,Regina
2197,Chllngr
2198,Omar S
2199,Vaz
2200,808 State
2201,Neon Indian
2202,Laura Marling
2203,Hella
2204,Steve Reich And Kronos Quartet
2205,Art Of Noise
2206,Ricardo Villalobos And Max Loderbauer
2207,Terius Nash
2208,Memoryhouse
2209,Shimmering Stars
2210,The Rapture
2211,Jacuzzi Boys
2212,Deleted Scenes
2213,Alias
2214,Big Business
2215,Patti Smith
2216,Tinariwen
2217,Balam Acab
2218,Luke Temple
2219,Mimeo
2220,Drive-By Truckers
2221,Toddla T
2222,Popol Vuh
2223,Collections Of Colonies Of Bees
2224,Serge Gainsbourg
2225,"Jay-Z, Kanye West"
2226,"Steve Mason, Dennis Bovell"
2227,Dom 
2228,"Mark Mcguire, Trouble Books"
2229,Chiddy Bang
2230,Autre Ne Veut
2231,Sorry Bamba
2232,Jrgen Mller
2233,William Elliott Whitmore
2234,Nicholas Szczepanik
2235,Motor City Drum Ensemble
2236,Ada
2237,Baobinga And Co.
2238,Mike Simonetti
2239,Philip Selway
2240,Marvin Gaye
2241,Painted Palms
2242,Sebastian
2243,"Eternal Tapestry, Sun Araw"
2244,Inc.
2245,Samiyam
2246,"Borden, Ferraro, Godin, Halo & Lopatin"
2247,Megadeth
2248,Olivia Wyatt
2249,Siriusmo
2250,The Cool Kids
2251,Singer
2252,Gomez
2253,Father'S Children
2254,Eric Copeland
2255,"Statik Selektah, Freddie Gibbs"
2256,Tearist
2257,Witch Gardens
2258,Vladislav Delay Quartet
2259,Mount Kimbie
2260,Graham Wright
2261,Laurel Halo
2262,Cliffie Swan
2263,Forest Swords
2264,Bobby
2265,Young Montana
2266,Bomb And Mr. Caribbean
2267,Brent Hinds
2268,"Neil Young, International Harvesters"
2269,"Ikue Mori, Julianna Barwick"
2270,Mercury Rev
2271,Dj Harvey
2272,Holy Other
2273,Sebadoh
2274,The Ladybug Transistor
2275,These Trails
2276,Best Coast
2277,Chalk Circle
2278,Bachelorette
2279,"Aidan Moffat, Bill Wells"
2280,Brave Irene
2281,Reatards
2282,Blue Sky Black Death
2283,Dale Earnhardt Jr. Jr.
2284,Howe Gelb & A Band Of Gypsies
2285,Johan Agebjrn
2286,White Fang
2287,"D'Eon, Grimes"
2288,Ensemble
2289,Blank Dogs
2290,Urge Overkill
2291,Iggy Pop
2292,Moby
2293,"Danger Mouse, Daniele Luppi"
2294,Timber Timbre
2295,Omar Rodriguez-Lpez
2296,Chrissy Murderbot
2297,Steve Earle
2298,The U.N.
2299,Michael Chapman
2300,Cat'S Eyes
2301,Snowman
2302,Blueprint
2303,Del The Funky Homosapien
2304,Cornershop
2305,Mf Doom
2306,The Fresh & Onlys
2307,Jonny
2308,Jamaica
2309,Starfucker
2310,Low
2311,Mazes
2312,J.Rocc
2313,Unkle
2314,"The Flaming Lips, Neon Indian"
2315,The Sandwitches
2316,Generationals
2317,Pearl Jam
2318,Alexander
2319,Capillary Action
2320,Derrick Carter
2321,Jessie J
2322,Ed Askew
2323,Queen
2324,Leika
2325,Baby Dee
2326,Nick Lowe
2327,Cheveu
2328,Alex Turner
2329,The Shoes
2330,"Ramadanman, Pearson Sound"
2331,Moritz Von Oswald Trio
2332,The Eternals
2333,Gary Higgins
2334,Wolf + Lamb Vs. Soul Clap
2335,James Brown
2336,"Bonnie Prince Billy, The Cairo Gang"
2337,Light Asylum
2338,Devotchka
2339,Scritti Politti
2340,Cut Copy
2341,Soul Clap
2342,Beach Fossils
2343,Dam Mantle
2344,The Sway Machinery
2345,Slaughterhouse
2346,Say Hi
2347,Frank Ocean
2348,Deerhunter
2349,Aurelio
2350,Eluvium
2351,"Metal Fingers, Doom"
2352,The Radio Dept.
2353,Porcelain Raft
2354,Tahiti 80
2355,Johnny Cash
2356,Pixelord
2357,"Gil Scott-Heron, Jamie Xx"
2358,Mouse On Tha Track
2359,Marnie Stern
2360,Ebo Taylor
2361,Sinden
2362,Kort
2363,Isole
2364,Hans-Joachim Roedelius
2365,Akron/Family
2366,Sonny Smith
2367,Essie Jain
2368,Robag Wruhme
2369,White Sea
2370,My Disco
2371,Dark Party
2372,Men
2373,Esg
2374,Eleven Tigers
2375,Wanda Jackson
2376,Celebration
2377,Phil Manley
2378,Monotonix
2379,Kisses
2380,The Jayhawks
2381,Faun Fables
2382,"David Banner, 9Th Wonder"
2383,Klaxons
2384,Black Francis
2385,Modeselektor
2386,Kyle Bobby Dunn
2387,Atlas Sound
2388,Prefuse 73/Jaytram/Epstein
2389,Future Islands
2390,The Parting Gifts
2391,Scientist
2392,Tensnake
2393,Floored By Four
2394,"Shara Worden, Sarah Kirkland Snider, Signal"
2395,Jrgen Paape
2396,Vampire Weekend
2397,"The Knife, Planningtorock, Mt. Sims"
2398,Jason Forrest
2399,Daft Punk
2400,Residual Echoes
2401,Blood Red Shoes
2402,Koen Holtkamp
2403,Miko
2404,Tanlines
2405,Spoon
2406,Gospel Music
2407,Reading Rainbow
2408,Tabu Ley Rochereau
2409,Carissa'S Wierd
2410,Victoire
2411,Charlemagne Palestine
2412,Telekinesis
2413,Les Sins
2414,Girl Talk
2415,Badly Drawn Boy
2416,Einstrzende Neubauten
2417,Lord Huron
2418,Supa D & Dj Ma1
2419,Aids Wolf
2420,The Russian Futurists
2421,Dj Nate
2422,Former Ghosts
2423,We Love
2424,Girls
2425,"The Orb, Youth"
2426,Stereolab
2427,K.C. Accidental
2428,Games
2429,Maserati
2430,Excepter
2431,Fenn O'Berg
2432,Paul Smith
2433,"Twig Harper, Daniel Higgs"
2434,Svarte Greiner
2435,Ski Beatz
2436,The War On Drugs
2437,Brian Mcbride
2438,Josephine Foster & The Victor Herrero Band
2439,Skert!
2440,Lf Arnalds
2441,Liars
2442,"Wyatt, Atzmon & Stephen"
2443,Buke And Gass
2444,Dexys Midnight Runners
2445,John Lennon
2446,William Parker
2447,Cinema Red And Blue
2448,Danny Brown
2449,Jon Mcmillion
2450,"Lawrence English, Minamo"
2451,Zola Jesus
2452,A Band Of Bees
2453,Mark Ronson & The Business Intl.
2454,Sisters
2455,Roots Manuva Meets Wrongtom
2456,Cut Chemist
2457,Christian Marclay
2458,Corin Tucker Band
2459,The Pack
2460,Owen Pallett
2461,"Boris, Ian Astbury"
2462,Highlife
2463,"The Orb, David Gilmour"
2464,The Sword
2465,Shad
2466,Eskmo
2467,Tim Kasher
2468,Exile
2469,Pariah
2470,Digital Mystikz
2471,Das Racist
2472,Seefeel
2473,Megafaun
2474,The Vaselines
2475,Hot Chip
2476,Aeroplane
2477,Playboy Tre
2478,Jenny And Johnny
2479,Chief
2480,Antony And The Johnsons
2481,Islaja
2482,Ciafrica
2483,The Claudia Quintet
2484,Venice Is Sinking
2485,Fennesz Daniell Buck
2486,Arab Strap
2487,"Isis, Melvins"
2488,Nite Jewel
2489,Ben Klock
2490,Robert Ashley
2491,Chris Corsano Band
2492,Bun B
2493,Stornoway
2494,Teen Daze
2495,Seu Jorge & Almaz
2496,David Dondero
2497,Walter Gibbons
2498,Miniature Tigers
2499,"Serge Gainsbourg, Jane Birkin"
2500,Frazey Ford
2501,Spur
2502,K-X-P
2503,Jaill
2504,Antarctica Takes It!
2505,Neu!
2506,Tony Da Gatorra Vs. Gruff Rhys
2507,Dual Identity
2508,Peeesseye
2509,Mass Shivers
2510,Zero 7
2511,The Coral
2512,Department Of Eagles
2513,Ninjasonik
2514,Mountain Man
2515,Jay Bennett
2516,El Guincho
2517,Fabulous Diamonds
2518,"Zola Jesus, La Vampires"
2519,Bob Desper
2520,Sun Kil Moon
2521,Kevin Dunn
2522,"David Karsten Daniels, Fight The Big Bull"
2523,Woodsman
2524,Daniel Johnston
2525,Glitterbug
2526,"Jack Rose, D. Charles Speer And The Helix"
2527,"Matmos, So Percussion"
2528,Black Tusk
2529,"Boris, Torche"
2530,"Bjrk, Dirty Projectors"
2531,Crooked Fingers
2532,Big Boi
2533,Nachtmystium
2534,The Pipettes
2535,Psychic Ills
2536,Julian Lynch
2537,Omar Souleyman
2538,Infant Sorrow
2539,Meursault
2540,Kode9
2541,Allo Darlin'
2542,Linfinity
2543,The Constellations
2544,Vic Chesnutt
2545,Keepaway
2546,Hammock
2547,"Major Lazer, La Roux"
2548,Koes Bersuadara
2549,Wye Oak
2550,Konono N1
2551,Junip
2552,Casiokids
2553,Refused
2554,Emeralds
2555,Dm Stith
2556,Jadakiss
2557,The Las
2558,Active Child
2559,The Ponys
2560,Peter Wolf Crier
2561,My Gold Mask
2562,Robedoor
2563,The Samps
2564,Reflection Eternal
2565,"Damian Marley, Nas"
2566,Scarface
2567,Club 8
2568,Keane
2569,Dj T.
2570,B.O.B
2571,Black Prairie
2572,Phosphorescent
2573,Twin Stumps
2574,Paul Weller
2575,David Holmes
2576,Minus The Bear
2577,Snowglobe
2578,The Juan Maclean
2579,Hole
2580,Omar Khorshid
2581,We Are The World
2582,Rufus Wainwright
2583,The Endtables
2584,Incredible String Band
2585,Mark Van Hoen
2586,Race Horses
2587,Cibelle
2588,"Murs, 9Th Wonder"
2589,Blind Man'S Colour
2590,Iggy And The Stooges
2591,Sally Seltmann
2592,"Roky Erickson, Okkervil River"
2593,Moon Duo
2594,The Bundles
2595,"Ghostface Killah, Raekwon, Method Man"
2596,Janka Nabay
2597,Nice Nice
2598,"David Byrne, Fatboy Slim"
2599,Doves
2600,Mike Swoop
2601,Native
2602,Ben Sollee And Daniel Martin Moore
2603,Ulrich Schnauss
2604,Let'S Wrestle
2605,The Art Museums
2606,Double Dagger
2607,Annuals
2608,Akira Kosemura
2609,Hunx And His Punx
2610,Kammerflimmer Kollektief
2611,The Besnard Lakes
2612,Millionyoung
2613,Major Stars
2614,Skullflower
2615,Andrew Thomas
2616,Record Club
2617,Pierced Arrows
2618,Spiritualized
2619,Mathematics
2620,A Sunny Day In Glasgow
2621,Gigi
2622,Xiu Xiu
2623,Holly Miranda
2624,Kasper Bjrke
2625,Martyn
2626,Ewan Pearson
2627,Cave In
2628,Everybody Was In The French Resistance...Now!
2629,"Freeway, Jake One"
2630,Wetdog
2631,"Anthony ""Shake"" Shakir"
2632,Gil Scott-Heron
2633,"Ali Farka Tour, Toumani Diabat"
2634,Starless & Bible Black
2635,Anna Ternheim
2636,Kevin Barker
2637,The House Of Love
2638,Agf
2639,Lightspeed Champion
2640,Good Shoes
2641,The Hotrats
2642,Buraka Som Sistema
2643,Red Krayola With Art & Language
2644,Franco & Le Tout Puissant Ok Jazz
2645,Mount Eerie
2646,Basement Jaxx
2647,Trans Am
2648,Portastatic
2649,Lindstrm & Christabelle
2650,Underworld Vs. The Misterons
2651,"Roy Montgomery, Grouper"
2652,Apse
2653,"The Flaming Lips, Stardeath And White Dwarfs"
2654,Jason Boesel
2655,Bonny Billy And The Picket Line
2656,Luigi Archetti & Bo Wiget
2657,Lady Gaga
2658,Untold
2659,Kanye West
2660,Young Money
2661,Eliane Radigue
2662,Bell Orchestre
2663,Ahleuchatistas
2664,Eugene Mirman
2665,Editors
2666,Arms
2667,Lowell Brams
2668,Electrik Red
2669,M.A.N.D.Y.
2670,Elvis Presley
2671,Oh No
2672,Mulatu Astatke
2673,Luciano
2674,Princeton
2675,Felt
2676,Rakim
2677,Edan
2678,Lackthereof
2679,Kraftwerk
2680,Jay Farrar & Benjamin Gibbard
2681,The Happy Hollows
2682,Frank Sinatra
2683,Gift Of Gab
2684,The Doors
2685,Franklin Bruno
2686,Hall And Oates
2687,Annie
2688,Talk Normal
2689,Yeah Yeah Yeahs
2690,"Dj /Rupture, Matt Shadetek"
2691,God Help The Girl
2692,Six Finger Satellite
2693,Jack Peate
2694,Maps
2695,A.A. Bondy
2696,Panther
2697,Isaac Hayes
2698,Doom
2699,Espers
2700,"Carolyn Mark, Nq Arbuckle"
2701,Tickley Feather
2702,Nellie Mckay
2703,Tisto
2704,Broadcast And The Focus Group
2705,The Jesus Lizard
2706,Jemina Pearl
2707,Drummer
2708,Flashy Python
2709,Phoenix
2710,As Tall As Lions
2711,Slaraffenland
2712,Thao With The Get Down Stay Down
2713,Duran Duran
2714,Peanut Butter Wolf
2715,Elvis Costello
2716,Mi And L'Au
2717,The Dutchess And The Duke
2718,Chromeo
2719,Nick Oliveri
2720,Anti-Pop Consortium
2721,Karen O And The Kids
2722,Osso
2723,Le Loup
2724,Dead Man'S Bones
2725,Lullabye Arkestra
2726,Beastie Boys
2727,Nick Cave And Warren Ellis
2728,United State Of Electronica
2729,Plush
2730,Chris Bell
2731,Holiday Shores
2732,Fool'S Gold
2733,Brock Van Wey
2734,The Hidden Cameras
2735,Yoko Ono Plastic Ono Band
2736,Castanets
2737,"The Pastels, Tenniscoats"
2738,Washed Out
2739,Pens
2740,"Scarlett Johansson, Pete Yorn"
2741,Applescal
2742,The Apples In Stereo
2743,Kreng
2744,Cale Parks
2745,Radiohead
2746,Wave Machines
2747,Richard Thompson
2748,At War
2749,Woolfy
2750,Zak Sally
2751,Tim Buckley
2752,Dan Bryk
2753,Yea Big + Kid Static
2754,Jon Mueller
2755,Smith Westerns
2756,City Center
2757,Nurses
2758,Rainbow Arabia
2759,Joe Pernice
2760,Es
2761,Modest Mouse
2762,The Units
2763,Sian Alice Group
2764,Julian Plenti
2765,Kiila
2766,Mocky
2767,Fol Chen
2768,Soap & Skin
2769,Delorean
2770,Oumou Sangar
2771,Pp Bradock
2772,The Horse'S Ha
2773,Willie Isz
2774,The Fiery Furnaces
2775,Lights
2776,Bergraven
2777,Vega
2778,Psychedelic Horseshit
2779,Current 93
2780,Sister Suvi
2781,Ministry Of Sound
2782,Wu-Tang Clan
2783,Dead Prez
2784,Rock Plaza Central
2785,Cage
2786,Love Is All
2787,Yahowha 13
2788,Land Of Kush
2789,The Paper Chase
2790,Gossip
2791,Psapp
2792,Pocahaunted
2793,Little Boots
2794,Gregor Samsa
2795,El-B
2796,Big Star
2797,The Sounds
2798,Miike Snow
2799,Valet
2800,Noel Gallagher
2801,Eels
2802,Occidental Brothers Dance Band International
2803,Miss Kittin & The Hacker
2804,Mouthus
2805,Lindstrm & Prins Thomas
2806,Themselves
2807,Aidan Moffat & The Best-Ofs
2808,Danger Mouse And Sparklehorse
2809,El Grupo Nuevo De Omar Rodriguez-Lopez
2810,Ugk
2811,Wolves In The Throne Room
2812,Clues
2813,Great Lake Swimmers
2814,Night Control
2815,Jeffrey Lewis
2816,White Rabbits
2817,Harlem
2818,"Ekkehard Ehlers, Paul Wirkus"
2819,Company Flow
2820,Casiotone For The Painfully Alone
2821,Deradoorian
2822,Arctic Monkeys
2823,Woebot
2824,Rodriguez
2825,My Morning Jacket
2826,Crocodiles
2827,The Life And Times
2828,A Camp
2829,Kid606
2830,Suckers
2831,Boston Spaceships
2832,D. Rider
2833,Nancy Wallace
2834,Al Green
2835,The Assemble Head In Sunburst Sound
2836,Erasure
2837,Mike Bones
2838,Cheer-Accident
2839,Baby Charles
2840,Charles Hamilton
2841,Obi Best
2842,Matteah Baim
2843,The Dukes Of Stratosphear
2844,Young Dro & Yung L.A.
2845,Harmonic 313
2846,Richard Buckner
2847,"Pj Harvey, John Parish"
2848,The Theater Fire
2849,The Drones
2850,Fridge
2851,I.U.D.
2852,Mr. Oizo
2853,Brethren Of The Free Spirit
2854,Marianne Dissard
2855,The Lines
2856,Bob Wills And His Texas Playboys
2857,White Lies
2858,Oj Da Juiceman
2859,Coloma
2860,K'Naan
2861,Bishop Allen
2862,B. Fleischmann
2863,Lars Horntveth
2864,Bobby Creekwater
2865,Cursive
2866,Aleks And The Drummer
2867,Zu
2868,Gringo Star
2869,Surf City
2870,J Spaceman And Matthew Shipp
2871,Dent May & His Magnificent Ukulele
2872,Abe Vigoda
2873,Grandmaster Flash
2874,Malajube
2875,Dressy Bessy
2876,Cobra Verde
2877,Loren Connors & Jim O'Rourke
2878,Nimrod Workman
2879,"Matmos, Fennesz, Jason Forrest, Ryoji Ikeda, Barbara Morgenstern, Snd, Mika Vainio"
2880,Ursula Bogner
2881,"John Chantler, Tujiko Noriko, Lawrence English"
2882,Azita
2883,Faunts
2884,Peter Tosh
2885,Murry Hammond
2886,Beirut/Realpeople
2887,Booka Shade
2888,Studio 1
2889,Jason Isbell And The 400 Unit
2890,N.A.S.A.
2891,Hector Zazou & Swara
2892,Iran
2893,Lily Allen
2894,D. Lissvik
2895,Ocean
2896,Andy Moor And Dj/Rupture
2897,Rza
2898,Freeway
2899,Orchestre Poly-Rythmo De Cotonou
2900,The Von Bondies
2901,Buddy Holly
2902,Deerhoof
2903,Dillinger Four
2904,No Neck Blues Band
2905,Eine Kleine Nacht Musik
2906,Larkin Grimm
2907,Telefon Tel Aviv
2908,Kylie Minogue
2909,The Bpa
2910,Cut Off Your Hands
2911,Magnetic Morning
2912,Jd Twitch
2913,Glass Candy
2914,Aether
2915,Kayhan Kalhor & Brooklyn Rider
2916,Muse Mcanique
2917,White Hinterland
2918,Squarepusher
2919,An Albatross
2920,These Arms Are Snakes
2921,Herman Dune
2922,Epmd
2923,A Guy Called Gerald
2924,Move D And Benjamin Brunn
2925,Metro Area
2926,Fripp & Eno
2927,Matthew Robert Cooper
2928,Wreckless Eric & Amy Rigby
2929,Paper Route Gangstaz
2930,The Aliens
2931,Nina Simone
2932,Roy Orbison
2933,Clipse
2934,Alaska In Winter
2935,Future Clouds & Radar
2936,Burning Star Core
2937,Feist
2938,The Knux
2939,Black Moth Super Rainbow
2940,The Fireman
2941,Wilderness
2942,Stereo Image
2943,Adorable
2944,Lee Scratch Perry
2945,Cheap Trick
2946,Kieran Hebden And Steve Reid
2947,Frida Hyvnen
2948,The Postmarks
2949,Karl Blau
2950,Rtx
2951,"Vic Chesnutt, Elf Power, And The Amorphous Strums"
2952,Greg Dulli
2953,Lou Reed
2954,Juelz Santana
2955,+/-
2956,Sebastien Grainger & The Mountains
2957,Fuck The Facts
2958,Glorytellers
2959,Wetnurse
2960,Passion Pit
2961,Dianogah
2962,Miss Murgatroid And Petra Haden
2963,"J. Matthew Gerken, Christian Kiefer, And Jefferson Pitcher"
2964,Sunny Day Sets Fire
2965,Jake One
2966,Jean Grae
2967,...And You Will Know Us By The Trail Of Dead
2968,Ryan Adams & The Cardinals
2969,Palms
2970,The Mighty Underdogs
2971,Ben Folds
2972,Grails
2973,Cause Co-Motion!
2974,Final Fantasy
2975,Telepathe
2976,Dj /Rupture
2977,Eyeless In Gaza
2978,Holly Golightly & The Brokeoffs
2979,Hello Saferide
2980,Secret Machines
2981,The Clips
2982,Jay Reatard
2983,Birdmonster
2984,Prints
2985,Mount Eerie With Julie Doiron And Fred Squire
2986,Juana Molina
2987,Rafter
2988,Ancestors
2989,The Pretenders
2990,Golden Smog
2991,Teenage Jesus And Beirut Slump
2992,Leila
2993,The Jesus And Mary Chain
2994,Lia Ices
2995,Serena-Maneesh
2996,The Replacements
2997,Gentleman Jesse & His Men
2998,Monkey
2999,Morton Feldman
3000,Juliana Hatfield
3001,The Red Krayola
3002,All Girl Summer Fun Band
3003,The Final Solution
3004,Music Go Music
3005,Suarasama
3006,Solange
3007,James
3008,The Airborne Toxic Event
3009,John Adams
3010,Emilana Torrini
3011,Elzhi
3012,Simian Mobile Disco
3013,The Rumble Strips
3014,Original Silence
3015,Mugison
3016,Nightmares On Wax
3017,Helena Espvall & Masaki Batoh
3018,Matt & Bubba Kadane
3019,Stars
3020,The Twilight Sad
3021,The Clientele
3022,Robyn Hitchcock And The Egyptians
3023,Wild Sweet Orange
3024,Robots In Disguise
3025,The Gutter Twins
3026,Tom Carter And Christian Kiefer
3027,Burning Witch
3028,Roots Manuva
3029,"David Byrne, Brian Eno"
3030,Rahim
3031,Beans
3032,T.K. Webb & The Visions
3033,James Lavino
3034,Truckasauras
3035,Minilogue
3036,Hans-Joachim Rdelius & Tim Story
3037,The Mole
3038,William F. Gibbs
3039,Danny!
3040,Okkyung Lee
3041,The Dandy Warhols
3042,Tittsworth
3043,Hallelujah The Hills
3044,Basic Channel
3045,The Baseball Project
3046,The Moondoggies
3047,Ludacris
3048,Nze
3049,The Avett Brothers
3050,The Music
3051,Cajun Dance Party
3052,Re-Up Gang
3053,Drakkar Sauna
3054,Vast Aire
3055,Madvillain
3056,The Muslims
3057,Abdel Hadi Halo & The El Gusto Orchestra Of Algiers
3058,Blondie
3059,The Childballads
3060,Martha Wainwright
3061,The Byrds
3062,Mouserocket
3063,All
3064,Manu Chao
3065,"Diplo, Santogold"
3066,Paul Westerberg
3067,The Dresden Dolls
3068,Alina Simone
3069,The Wombats
3070,Patti Smith & Kevin Shields
3071,Broken Social Scene Presents: Brendan Canning
3072,Woelv
3073,Thurston Moore
3074,We Versus The Shark
3075,Sharron Kraus
3076,The Pogues
3077,Infinite Livez Vs. Stade
3078,Babyshambles
3079,Nicolay & Kay
3080,"Sun City Girls, J. Spaceman"
3081,"8Ball, Mjg"
3082,Vapnet
3083,Dennis Wilson
3084,Kid Static
3085,"Son, Ambulance"
3086,Roommate
3087,Syclops
3088,Bobby Womack
3089,Nurse With Wound
3090,Air France
3091,South San Gabriel
3092,Sally Shapiro
3093,The Goslings
3094,Studio
3095,Mike Patton
3096,Liz Phair
3097,Twine
3098,My Brightest Diamond
3099,Scott Kelly
3100,The M'S
3101,The Presets
3102,Nalle
3103,King Khan And The Shrines
3104,Bryan Scary
3105,The Beach Boys
3106,Mixel Pixel
3107,D. Charles Speer And The Helix
3108,Yoav
3109,Adem
3110,Shy Child
3111,Festival
3112,Steinski
3113,Delays
3114,Indian Jewelry
3115,Fat Ray & Black Milk
3116,Witch
3117,Apes
3118,Flying
3119,Jaymay
3120,Mudhoney
3121,Hymns
3122,These Are Powers
3123,Les Rallizes Denudes
3124,Dragged By Horses
3125,Subtle
3126,Ecstatic Sunshine
3127,Kid Creole
3128,{{{ Sunset }}}
3129,The Strugglers
3130,Isobel Campbell & Mark Lanegan
3131,Quinn Walker
3132,Chuck Berry
3133,Clear Tigers
3134,Sun City Girls
3135,Blitzen Trapper
3136,Atmosphere
3137,Fairport Convention
3138,Boris
3139,Les Savy Fav
3140,Jucifer
3141,Joy Division
3142,Neptune
3143,South
3144,Love
3145,Billy Bragg
3146,Prodigy
3147,Pete Rock
3148,Mantronix
3149,Idol Fodder
3150,Emc
3151,The Kooks
3152,Muse
3153,Division Day
3154,Team Robespierre
3155,Toumani Diabat
3156,Groove Armada
3157,The Selmanaires
3158,Microkingdom'S Pro Hour
3159,The Long Blondes
3160,Colin Meloy
3161,In Flames
3162,Webbie
3163,Bell X1
3164,Apes & Androids
3165,Ministry
3166,Big Dipper
3167,Melchior Productions
3168,Lazarus
3169,The Lemonheads
3170,Kate Maki
3171,"Jarboe, Justin K. Broadrick"
3172,The B-52'S
3173,Thee Silver Mt. Zion Memorial Orchestra & Tra-La-La Band
3174,Wrath Of The Weak
3175,"Does It Offend You, Yeah?"
3176,Mission Of Burma
3177,Dengue Fever
3178,Shelby Lynne
3179,Amir Elsaffar
3180,The Lk
3181,Snoop Dogg
3182,Grand Archives
3183,No Kids
3184,Ssion
3185,Whiskeytown
3186,Rhys Chatham & His Guitar Trio All-Stars
3187,Ida
3188,Pacific Uv
3189,Kelis
3190,Magic Weapon
3191,What Made Milwaukee Famous
3192,The Aluminum Group
3193,Ghostland Observatory
3194,Food For Animals
3195,Fleet Foxes
3196,Jeffrey Lewis & The Jitters
3197,His Name Is Alive
3198,"David Thomas Broughton, 7 Hertz"
3199,Cowboy Junkies
3200,Belong
3201,Afrirampo
3202,High Places
3203,Hi-Fidel And Dj Crucial
3204,British Sea Power
3205,"Will Oldham, Dawn Mccarthy"
3206,Bee Gees
3207,Ross Johnson
3208,Samamidon
3209,Jason Collett
3210,Yakuza
3211,Vangelis
3212,Liam Finn
3213,Jackie-O Motherfucker
3214,Dirty On Purpose
3215,Louis Xiv
3216,June Panic
3217,Beck
3218,G&D
3219,C.C.C.C.
3220,Zillionaire
3221,Fatal Flying Guilloteens
3222,"Hello, Blue Roses"
3223,Manchester Orchestra
3224,Gram Parsons
3225,Andrew Bird
3226,Blue States
3227,Hi-Tek
3228,Michael Hurley
3229,Ham1
3230,Dj Drama
3231,Pedro
3232,The Black Ghosts
3233,Idlewild
3234,Marla Hansen
3235,Karate
3236,Jazkamer
3237,Styles P
3238,Trae
3239,Sole And The Skyrider Band
3240,The Simpsons
3241,Misha
3242,Polysics
3243,Meneguar
3244,Jonny Greenwood
3245,Fog
3246,Project Pat
3247,William Parkers Raining On The Moon
3248,West Indian Girl
3249,Begushkin
3250,The Forms
3251,Karen Dalton
3252,Bob Marley & The Wailers
3253,Ethan Rose
3254,Kim Hiorthy
3255,A Mountain Of One
3256,Robyn Hitchcock
3257,Tulsa
3258,Soft
3259,Concentrik
3260,Viva Voce
3261,The Thrills
3262,Little Brother
3263,The Valerie Project
3264,Os Mutantes
3265,White Rainbow
3266,Camp Lo
3267,Coughee Brothaz
3268,Hangar 18
3269,Carol Bui
3270,Saul Williams
3271,Randall Of Nazareth
3272,Ian Brown
3273,Tokyo Police Club
3274,Cassius
3275,The Glass
3276,Playgroup And Alter Ego
3277,Battles
3278,David Shrigley
3279,Little Wings
3280,Doveman
3281,The Capstan Shafts
3282,People
3283,Matt Valentine And Erika Elder
3284,Vashti Bunyan
3285,Culture
3286,The Nels Cline Singers
3287,Adrian Orange & Her Band
3288,Talibam!
3289,David Byrne
3290,Numbers
3291,Enon
3292,Billie Holiday
3293,The Donnas
3294,Supermayer
3295,Black Kids
3296,Roberto Fonseca
3297,The Mabuses
3298,Office
3299,"Tim Gane, Sean O'Hagan"
3300,Oh No! Oh My!
3301,Gang Gang Dance
3302,Library Tapes
3303,Oakley Hall
3304,Iron & Wine
3305,Christy & Emily
3306,Pseudosix
3307,Arks
3308,Roky Erickson
3309,Qui
3310,Brother Reade
3311,Ice Water
3312,Fovea Hex
3313,"Broken Social Scene, Kevin Drew"
3314,Tujiko Noriko
3315,Rogue Wave
3316,Amiina
3317,Map Of Africa
3318,Zap Mama
3319,Bang Lime
3320,The Go! Team
3321,Vhs Or Beta
3322,Kano
3323,Bobby Bare
3324,Napalm Death
3325,Louis Philippe
3326,Kinski
3327,Siouxsie Sioux
3328,Kevin Drumm
3329,Euros Childs
3330,Loren Mazzacane-Connors
3331,The Mendoza Line
3332,Prefab Sprout
3333,Percee P
3334,The Chills
3335,Joan As Police Woman
3336,Earlimart
3337,Ash
3338,Robert Pollard
3339,Travis Morrison Hellfighters
3340,The Go
3341,Rilo Kiley
3342,Imperial Teen
3343,Northern State
3344,Jason Holstrom
3345,Scissors For Lefty
3346,Patrick Cleandenim
3347,Nina Nastasia & Jim White
3348,The Angels Of Light
3349,Judee Sill
3350,Charles Mingus Sextet With Eric Dolphy
3351,The Brunettes
3352,Young Marble Giants
3353,Miss Alex White & The Red Orchestra
3354,Hawkwind
3355,Magnolia Electric Co.
3356,Leyode
3357,Sebo K
3358,Warhammer 48K
3359,White Noise
3360,Hans Zimmer
3361,The Lovetones
3362,Harlan T. Bobo
3363,The Thermals
3364,Crowded House
3365,Emily Haines & The Soft Skeleton
3366,Against Me!
3367,"Daniel ""A.I.U."" Higgs"
3368,Tied & Tickled Trio
3369,The Cribs
3370,Balkan Beat Box
3371,Skeletons And The Kings Of All Cities
3372,Nicole Willis & The Soul Investigators
3373,Dj Mayonnaise
3374,Southerly
3375,Boom Bip
3376,Black Devil Disco Club
3377,Ghq
3378,American Catastrophe
3379,Boat
3380,The Tuss
3381,The Safes
3382,Flash Hawk Parlor Ensemble
3383,Fourth Of July
3384,Radio Moscow
3385,They Shoot Horses Don'T They?
3386,"Robert Forster, Grant Mclennan"
3387,Badgerlore
3388,Ibrahim Ferrer
3389,Two Gallants
3390,Jaylib
3391,Art Brut
3392,Mark Stewart
3393,Tobias Thomas
3394,Antiguo Autmata Mexicano
3395,Pantha Du Prince
3396,Immaculate Machine
3397,Jazzkammer & Howard Stelzer
3398,King Kong
3399,"Carlos Giffoni, Merzbow, Jim Orourke"
3400,Alsace Lorraine
3401,The Saints
3402,The Race
3403,The Clash
3404,Young Jeezy Presents Usda
3405,James Blood Ulmer
3406,Blue Scholars
3407,Illinois
3408,Gls
3409,Sunburned Hand Of The Man
3410,Goldrush
3411,Von Sdenfed
3412,Feltbattery
3413,Night Canopy
3414,Jeff Buckley
3415,Kavinsky
3416,Voxtrot
3417,Titan
3418,Fields
3419,Kathy Diamond
3420,Harlem Shakes
3421,David Torn
3422,Seymore Saves The World
3423,Jana Hunter
3424,Dan Deacon
3425,Cub
3426,The Fucking Champs
3427,Hail Social
3428,Dj Blaqstarr
3429,Andy Partridge
3430,Love Of Diagrams
3431,Joseph Arthur
3432,Through The Sparks
3433,Growing
3434,Mike Tamburo And The Universal Orchestra Of Pituitary Knowledge
3435,Thee More Shallows
3436,No-Neck Blues Band
3437,"Avey Tare, Kra Brekkan"
3438,Silmaril
3439,Shitdisco
3440,The Veils
3441,The Wedding Present
3442,Stephen Vitiello
3443,Germans
3444,Cocorosie
3445,The Hold Steady
3446,Noisettes
3447,Mika
3448,The Bark Haze
3449,Radical Face
3450,"Elvis Perkins In Dearland, Elvis Perkins"
3451,Shearwater
3452,Boredoms
3453,Rosie Thomas
3454,Best Of Seth
3455,Matthew Herbert
3456,Young Buck
3457,Sj Esau
3458,The Red Crayola
3459,The Dead Science
3460,Rich Boy
3461,Justine D
3462,Pentangle
3463,"Willie Nelson, Merle Haggard, And Ray Price"
3464,Devin The Dude
3465,Paula Frazer And Tarnation
3466,Land Of Talk
3467,Ghost Stories
3468,Madeline
3469,Axolotl
3470,Hotel Alexis
3471,Jesse Sykes & The Sweet Hereafter
3472,Welcome
3473,My Latest Novel
3474,Wolf & Cub
3475,Tempo No Tempo
3476,Winterkids
3477,The One Am Radio
3478,Omar Rodriguez-Lpez & Damo Suzuki
3479,The View
3480,Money Mark
3481,Amon Tobin
3482,Tanakh
3483,The Zombies
3484,Mittens On Strings
3485,Electric Light Orchestra
3486,Aesop Rock
3487,Yellow Swans & Birchville Cat Motel
3488,Lavender Diamond
3489,Do Make Say Think
3490,Benevento/Russo Duo
3491,Papercuts
3492,P.G. Six
3493,Elephant Man
3494,Softlightes
3495,The Memory Band
3496,Imitation Electric Piano
3497,The Trees Community
3498,Clouds
3499,Juggaknots
3500,Women And Children
3501,Soft Circle
3502,Cyann & Ben
3503,The Faces
3504,Calla
3505,Bat For Lashes
3506,Weasel Walter Quartet
3507,Yoko Ono
3508,Future Pilot Aka
3509,Human Host
3510,New Young Pony Club
3511,The Rza Presents
3512,Architecture In Helsinki
3513,The Broken West
3514,Busdriver
3515,Thomas Mapfumo And The Blacks Unlimited
3516,To Live And Shave In L.A.
3517,Pulp
3518,K-Os
3519,David Daniell
3520,Jackwacker
3521,Pop Levi
3522,Dark Meat
3523,"Boris, Michio Kurihara"
3524,Gruppo Di Improvvisazione Nuova Consonanza
3525,M. Craft
3526,Charlemagne Palestine And Tony Conrad
3527,Gang Starr
3528,"The Good, The Bad & The Queen"
3529,Yabby You
3530,Miho Hatori
3531,Silkworm
3532,Pas/Cal
3533,Matisyahu
3534,Pinebender
3535,Paul Wirkus
3536,Julie Doiron
3537,Matt & Kim
3538,Seekers Who Are Lovers
3539,Maja Ratkje
3540,Dusty Springfield
3541,Plastic Little
3542,Simon Joyner & The Fallen Men
3543,Iv Thieves
3544,Mahogany
3545,Girls Aloud
3546,London Sinfonietta
3547,Vince Guaraldi
3548,Ocrilim
3549,The Gothic Archies
3550,Tristeza
3551,White Magic
3552,Robert Lippok
3553,Norfolk & Western
3554,My My
3555,Robyn
3556,Shout Out Out Out Out
3557,Fe-Mail
3558,Pattern Is Movement
3559,2Pac
3560,Kidz In The Hall
3561,The Isles
3562,Danava
3563,Mudsuckers
3564,R. Keenan Lawler
3565,Whitey
3566,Merle Haggard
3567,The Prids
3568,So Percussion
3569,The Places
3570,Nikki Sudden
3571,Isobel Campbell
3572,Spanky Wilson & The Quantic Soul Orchestra
3573,Jean-Claude Vannier
3574,This American Life
3575,Peter And The Wolf
3576,Georgia Anne Muldrow
3577,N0 Things
3578,The Exploding Hearts
3579,The Who
3580,Lady Sovereign
3581,The Horrors
3582,Sunn O))) & Boris
3583,Plan B
3584,The Battles
3585,"James Blackshaw, Jack Rose, Peter Walker, Sharron Kraus, Shawn David Mcmillen"
3586,The Walkmen
3587,Tom Moulton
3588,The Nice Boys
3589,Doubled Yellow Swans
3590,Cold War Kids
3591,Peter Bjorn And John
3592,Darkel
3593,120 Days
3594,The Mooney Suzuki
3595,Phon
3596,Aberdeen
3597,Chin Up Chin Up
3598,Robyn Hitchcock & The Venus 3
3599,The Blood Brothers
3600,Ho-Ag
3601,Pet Shop Boys
3602,Okkervil River
3603,Rhythm & Sound
3604,Canada
3605,Ike Yard
3606,The Fix
3607,Seor Coconut
3608,The Polyphonic Spree
3609,The Black Neon
3610,Scissor Sisters
3611,Sol Seppy
3612,The Sleepy Jackson
3613,Jane'S Addiction
3614,"Acid Mothers Temple, The Melting Paraiso U.F.O."
3615,Gosling
3616,Channels
3617,Eric Matthews
3618,Peeping Tom
3619,The Capitol Years
3620,Tap Tap
3621,Roman Candle
3622,The Tyde
3623,The Little Ones
3624,Purified In Blood
3625,The Kingdom
3626,The Life Force Trio
3627,The Grates
3628,Brian Posehn
3629,The Village Green
3630,Memphis
3631,Code Of Honor
3632,Pajo
3633,Unai
3634,Jennifer O'Connor
3635,Jason Molina
3636,The Minders
3637,Wooden Wand And The Sky High Band
3638,Wasteland
3639,Dj Khaled
3640,Outkast
3641,Nouvelle Vague
3642,Tortoise
3643,Comets On Fire
3644,Ali Farka Tour
3645,Luna
3646,Erase Errata
3647,Klee
3648,Professor Murder
3649,A Cloud Mireya
3650,Our Brother The Native
3651,Avarus
3652,Don Caballero
3653,Mark Fosson
3654,Sex Pistols
3655,Xtc
3656,David Bazan
3657,Old 97'S
3658,The Ohsees
3659,Dub Trio
3660,Dabrye
3661,Marc Leclair
3662,Swell Maps
3663,The Cairo Gang
3664,Alias And Tarsier
3665,Anathallo
3666,The Court & Spark
3667,Plaid
3668,The Gersch
3669,Towers Of London
3670,Entrance
3671,Sound Team
3672,Micah P. Hinson
3673,The Diableros
3674,Sway
3675,Howlin Rain
3676,Fatboy Slim
3677,Agoraphobic Nosebleed
3678,"Lil Wayne, Dj Drama"
3679,The New Cars
3680,The Black Keys
3681,"Matt Valentine And Erika Elder, The Bummer Road"
3682,The Congos & Friends
3683,Metallic Falcons
3684,Smog
3685,Wizardzz
3686,Rose Melberg
3687,Danger Doom
3688,Lair Of The Minotaur
3689,Kieran Hebden
3690,Primal Scream
3691,Camera Obscura
3692,Kaito
3693,Feu Thrse
3694,Matthew Sweet
3695,Nofx
3696,Human Television
3697,Diane Cluck
3698,Home
3699,Jarvis Cocker & Steve Mackey
3700,Whitehouse
3701,Blight
3702,Cam'Ron
3703,The Futureheads
3704,Ladytron
3705,Candi Staton
3706,King Biscuit Time
3707,Ovo
3708,Danielson Famile
3709,Zach Hill And Mick Barr
3710,Black Sabbath
3711,Function
3712,Bob Drake
3713,Tool
3714,Birchville Cat Motel
3715,Lifetime
3716,Rainer Maria
3717,Aki Tsuyuko
3718,Dudley Perkins
3719,Simon Joyner
3720,Tom Z
3721,Facedowninshit
3722,No-Neck Blues Band And Embryo
3723,Afx
3724,Larsen
3725,Josh Rouse
3726,James F!@.$%^ Friedman
3727,The Seconds
3728,Lambchop
3729,Josephine Foster
3730,Tom Verlaine
3731,Pretty Girls Make Graves
3732,"Cluster, Brian Eno"
3733,Talib Kweli
3734,The Czars
3735,Yura Yura Teikoku
3736,Nicolai Dunger
3737,Flin Flon
3738,Sound Dimension
3739,Massacre
3740,The Vines
3741,Sondre Lerche With The Faces Down Quartet
3742,Cocteau Twins
3743,Tunng
3744,Howe Gelb
3745,The Secret Machines
3746,The Infadels
3747,Patrick Phelan
3748,Guillemots
3749,Loose Fur
3750,Murs
3751,Eef Barzelay
3752,Christian Kiefer
3753,Caroline
3754,Some Girls
3755,Dell And Flgel
3756,Supersilent
3757,Kayo Dot
3758,Keith Fullerton Whitman
3759,Ris Paul Ric
3760,Magnet
3761,Wooden Wand And The Vanishing Voice
3762,Pansy Division
3763,Questlove
3764,Catfish Haven
3765,Diskaholics Anonymous Trio
3766,Electric President
3767,Hank
3768,Curt Kirkwood
3769,Philip Samartzis
3770,Make-Up
3771,The Ladies
3772,Tape
3773,Sunset Rubdown
3774,Eliot Lipp
3775,Measles Mumps Rubella
3776,Alog
3777,Controller.Controller
3778,Toy
3779,The Vandermark Five
3780,Animals
3781,Test Icicles
3782,Mylo
3783,"Gerry Mitchell, Little Sparta"
3784,Elefant
3785,Christina Carter
3786,The Ex
3787,Greg Davis
3788,Directing Hand
3789,Damo Suzuki
3790,The Dolls
3791,Steve Reid Ensemble
3792,"Glen Hall, Lee Ranaldo, William Hooker"
3793,Darkthrone
3794,"Mark Oleary, Tomasz Stako, Billy Hart"
3795,Ghislain Poirier
3796,Meredith Bragg And The Terminals
3797,Tarkio
3798,Marah
3799,Pearls And Brass
3800,"Bonnie Prince Billy, Tortoise"
3801,Delta 5
3802,Acid Mothers Temple
3803,Jenny Lewis With The Watson Twins
3804,The Advantage
3805,Chrome
3806,The Universe
3807,Arizona Amp And Alternator
3808,Fm3
3809,Edith Frost
3810,Safety Scissors
3811,Sunroof!
3812,Seu Jorge
3813,Comet Gain
3814,George
3815,Anthrax
3816,Rah Bras
3817,Guitar Wolf
3818,Bound Stems
3819,Quintron And Miss Pussycat
3820,Les Angles Morts
3821,Books On Tape
3822,Windy & Carl
3823,Dreamies
3824,Bright
3825,Jane
3826,Richie Hawtin
3827,Piano Overlord
3828,Shooting At Unarmed Men
3829,The White Stripes
3830,Stunt Rock
3831,Explosions In The Sky
3832,Jonathan Kane
3833,Landing
3834,Koenji-Hyakkei
3835,Dead Can Dance
3836,As Mercenrias
3837,Metal Fingers
3838,Panic! At The Disco
3839,Death From Above 1979
3840,Double Leopards
3841,Lil' Kim
3842,Matias Aguayo
3843,Menomena
3844,Gasp
3845,Richard Hell
3846,Galaxie 500
3847,Mike Ladd
3848,Circulus
3849,The Skygreen Leopards
3850,The Like
3851,The Mars Volta
3852,Derek Bailey
3853,The Lost Patrol Band
3854,Harvey Danger
3855,"The Angels Of Light, Akron/Family"
3856,Pinetop Seven
3857,Dominik Eulberg
3858,Destinys Child
3859,Cristian Vogel
3860,The Band
3861,T. Raumschmiere
3862,Emmanuel Jal
3863,Wayne B
3864,Three 6 Mafia
3865,Liz Janes
3866,Delia Gonzalez And Gavin Russom
3867,Talking Heads
3868,Tren Brothers
3869,Deus
3870,Swords
3871,Paul Wall
3872,The Hospitals
3873,The Sun
3874,Fiona Apple
3875,The Occasion
3876,Franz Ferdinand
3877,Dj Spooky
3878,Amadou & Mariam
3879,Kepler
3880,Bellini
3881,Vibracathedral Orchestra
3882,Kingsbury Manx
3883,Grandaddy
3884,Ween
3885,Mazarin
3886,You Say Party
3887,Eazy-E
3888,Richard Swift
3889,David Axelrod
3890,Ok Go
3891,The Double
3892,"Calexico, Iron & Wine"
3893,August Born
3894,Rob Swift
3895,Emmylou Harris
3896,The Rakes
3897,Asmus Tietchens
3898,"Devendra Banhart, Jana Hunter"
3899,The Greenhornes
3900,June Carter Cash
3901,Ivan Smagghe
3902,Hair Police
3903,White Mice
3904,Keiji Haino
3905,Mayday
3906,The Bevis Frond
3907,Gospel
3908,A Certain Ratio
3909,Bottom Of The Hudson
3910,Foreign Born
3911,Iron Maiden
3912,Mobius Band
3913,Vetiver
3914,Super Furry Animals
3915,Tenement Halls
3916,Flotation Toy Warning
3917,Violent Femmes
3918,The Kallikak Family
3919,Gene Defcon
3920,The Visible Men
3921,Geiger
3922,Terrestrial Tones
3923,The 101'Ers
3924,Oxes
3925,The Body Lovers/The Body Haters
3926,Alaska!
3927,Luke Vibert
3928,Unklesounds
3929,Bakonour
3930,Spires That In The Sunset Rise
3931,Bohren & Der Club Of Gore
3932,Diamond Nights
3933,Longwave
3934,Tosca
3935,Eric Malmberg
3936,Alan Braxe
3937,They Might Be Giants
3938,The Starvations
3939,Hosono & Yokoo
3940,Vanishing Kids
3941,Nick Castro And The Poison Tree
3942,Son Volt
3943,"Grandmaster Flash, Grandmaster Flash & The Furious Five"
3944,"Jim Orourke, White Out, William Winant"
3945,Platinum Pied Pipers
3946,Richard Buckner & Jon Langford
3947,Femi Kuti
3948,Arcade Fire
3949,The Peppermints
3950,Ying Yang Twins
3951,Auburn Lull
3952,13Th Floor Elevators
3953,Absentee
3954,Collapsar
3955,Skeletons And The Girl-Faced Boys
3956,Smegma
3957,The Planet The
3958,White Rock
3959,Fifths Of Seven
3960,Desmond Dekker
3961,Battletorn
3962,Ol' Dirty Bastard
3963,The Mae Shi
3964,Electric Six
3965,Yann Tiersen & Shannon Wright
3966,Goon Moon
3967,Eyeball Skeleton
3968,Need New Body
3969,Orthrelm
3970,Black Sunday
3971,Screaming Trees
3972,Applied Communications
3973,The Tears
3974,Billy Corgan
3975,Nomo
3976,Lali Puna
3977,The Oranges Band
3978,Brian Eno
3979,Spoonie Gee
3980,Cex
3981,Chris Cutler
3982,Early Man
3983,Lucero
3984,Make Believe
3985,Yellow Swans
3986,An Angle
3987,The Album Leaf
3988,Dead Machines
3989,Gilles Peterson
3990,Ttc
3991,Plane
3992,Stephen Malkmus And The Jicks
3993,Dance Disaster Movement
3994,Deadbeat
3995,The Punks
3996,De Novo Dahl
3997,Hal
3998,The Dudley Coroporation
3999,Rachid Taha
4000,C-Rayz Walz
4001,Chok Rock
4002,Nudge
4003,Bearsuit
4004,"Animal Collective, Vashti Bunyan"
4005,Dj Clever
4006,Currituck Co.
4007,Resplendent
4008,Parlour
4009,The Exposures
4010,Wha-Ha-Ha
4011,Love As Laughter
4012,The Blue Van
4013,Omfo
4014,Ben Folds Five
4015,Styrofoam
4016,John Zorn
4017,Christopher O'Riley
4018,The Glimmers
4019,Emperor X
4020,Fantmas
4021,Weird War
4022,Chicks On Speed
4023,The Merediths
4024,My Way My Love
4025,Guapo
4026,Mars Black
4027,Ocean Colour Scene
4028,Crain
4029,"Dj Target, Riko"
4030,Death Cab For Cutie
4031,The Mary Timony Band
4032,David Last
4033,Et Sans
4034,Ffa Coffi Pawb
4035,Hrvatski
4036,Emiliana Torrini
4037,Sam Prekop
4038,Mahjongg
4039,Stereophonics
4040,The Damned
4041,Drop The Lime
4042,Ben Lee
4043,Yo La Tengo
4044,Gustav
4045,Jan Dukes De Grey
4046,Cadence Weapon
4047,Zzzz
4048,Snow Patrol
4049,Steve Wynn
4050,The Field Mice
4051,Do Or Die
4052,John Digweed
4053,50Footwave
4054,Dj Kaos
4055,Devin Davis
4056,Chariots
4057,By The End Of Tonight
4058,The Zutons
4059,Behold...The Arctopus
4060,Marbles
4061,Ruff Sqwad
4062,The Coctails
4063,The Evens
4064,The Curtains
4065,Minus Story
4066,Tarentel
4067,Mommy And Daddy
4068,Alec Deruggiero
4069,Githead
4070,The Rub
4071,The Prayers And Tears Of Arthur Digby Sellers
4072,Logh
4073,Sagan
4074,Lemon Jelly
4075,Yamataka Eye And John Zorn
4076,Hollertronix
4077,Decibully
4078,Readymade
4079,Ilkae
4080,L'Altra
4081,Heikki
4082,Stereo Total
4083,The Anomoanon
4084,Metal Urbain
4085,Gena Rowlands Band
4086,Mu
4087,Pernice Brothers
4088,The Postal Service
4089,Tussle
4090,Mikkel Metal
4091,The Chris Stamey Experience
4092,Magneta Lane
4093,"Bonnie ""Prince"" Billy And Matt Sweeney"
4094,Soundtrack Of Our Lives
4095,Master Musicians Of Bukkake
4096,Die Monitr Batss
4097,Pedestrian
4098,Tim Sweeney
4099,Morgan Geist
4100,Outrageous Cherry
4101,Climax Golden Twins
4102,Bola
4103,The Late B.P. Helium
4104,The Organ
4105,On Fillmore
4106,Bunnybrains
4107,"Cul De Sac, Damo Suzuki"
4108,"Yannis Kyriakides, Andy Moor"
4109,R.A. The Rugged Man
4110,Mike Doughty
4111,Tindersticks
4112,The Brian Jonestown Massacre
4113,Mix Master Mike
4114,Limblifter
4115,The Owls
4116,"Yasunao Tone, Florian Hecker"
4117,The Strange
4118,Triola
4119,31Knots
4120,Slowdive
4121,Tower Recordings
4122,Losoul
4123,Oneida
4124,Dwarves
4125,"Diplo, M.I.A."
4126,Barbez
4127,The Residents
4128,Prosaics
4129,Electric Company
4130,High Water Marks
4131,Smith & Mighty
4132,Hall Of Fame
4133,Cat Power
4134,The Firebird Band
4135,Akufen
4136,Flat Earth Society
4137,Mellow
4138,"Non, Boyd Rice"
4139,The Graves
4140,"Cex, Kid606"
4141,Shivaree
4142,Iqu
4143,Mcenroe And Birdapres
4144,"Jay-Z, R. Kelly"
4145,Black Eyes
4146,Medications
4147,"Jello Biafra, Melvins"
4148,"Philip Jeck, Janek Schaefer"
4149,Trouble Everyday
4150,Yuka Honda
4151,Le Tigre
4152,Dacm
4153,Solvent
4154,Knockout Pills
4155,United States Of America
4156,William Shatner
4157,Poster Children
4158,Thomas Dimuzio
4159,"The Autumn Defense, Hem"
4160,"Henry Cow, Slapp Happy"
4161,"Josephine Foster, The Supposed"
4162,Savath Y Savalas
4163,Kpt.Michi.Gan
4164,Mats Gustafsson
4165,Hercules
4166,Richard Crandell
4167,Saturday Looks Good To Me
4168,Brandon Wiard
4169,"James Yorkston, The Athletes"
4170,Thalia Zedek
4171,Steve Reid
4172,The Fucking Am
4173,Royal City
4174,Panthers
4175,Will Johnson
4176,Shugo Tokumaru
4177,Devendra Banhart
4178,Annette Peacock
4179,Call And Response
4180,Flssin
4181,Giant Sand
4182,"Gene Estribou, Jean-Paul Pickens"
4183,Radio 4
4184,Fingathing
4185,Fly Pan Am
4186,Rise Against
4187,Charmparticles
4188,Endochine
4189,Keith Hudson
4190,Homelife
4191,Communiqu
4192,Tim Berne
4193,Supergrass
4194,Capitol K
4195,Beep Beep
4196,Crime
4197,Pigeon Funk
4198,Sixtoo
4199,Migala
4200,Fugazi
4201,Datsuns
4202,The Shaggs
4203,Dill
4204,Velvet Crush
4205,Ming + Fs
4206,Pidgeon
4207,The Homosexuals
4208,Prince Po
4209,Esmerine
4210,I Am X
4211,Sonic Liberation Front
4212,Hecker
4213,Sons And Daughters
4214,Konk
4215,Viktor Vaughn
4216,Octet
4217,Passage
4218,Volebeats
4219,Hint Hint
4220,Consequence
4221,Dna
4222,John Vanderslice
4223,The Sunshine Fix
4224,"Doug Hilsinger, Caroleen Beatty"
4225,"Fennesz, Keith Rowe"
4226,D. Yellow Swans
4227,Erick Sermon
4228,"Tom Z, Gilberto Assis"
4229,Davd Garza
4230,The Waxwings
4231,Murcof
4232,Michael Gordon
4233,Ratatat
4234,Korekyojin
4235,For Stars
4236,Dr. Mix And The Remix
4237,Los Amigos Invisibles
4238,Fuck
4239,Sufjan Stevens
4240,The Hives
4241,Glenn Branca
4242,Nice Device
4243,Blackout Beach
4244,Paik
4245,The Girls
4246,Ataxia
4247,Susumu Yokota
4248,Thee Silver Mountain Reveries
4249,Bumblebeez 81
4250,Catheters
4251,Hymie'S Basement
4252,Doseone
4253,Verdure
4254,The Free Design
4255,Doctor Rockit
4256,Azure Ray
4257,Despistado
4258,Vladislav Delay
4259,Arthur Brown
4260,Non Phixion
4261,Automato
4262,"Lisa Gerrard, Patrick Cassidy"
4263,Detachment Kit
4264,Pipi Skid
4265,Athlete
4266,Sharkey
4267,Voodoo Child
4268,Br. Danielson
4269,Philippe Besombes
4270,"Au, Reynols, Erdem Helvacioglu, Chris Delaurenti, Matmos"
4271,Eltro
4272,"Joel Rl Phelps, The Downer Trio"
4273,Les Georges Leningrad
4274,The Caribbean
4275,Martinis
4276,Romanowski
4277,Mclusky
4278,Girlsareshort
4279,Terror At The Opera
4280,Pedro The Lion
4281,Felix Da Housecat
4282,Summer Hymns
4283,Jay Farrar
4284,Paco
4285,Danger Mouse
4286,Syd Barrett
4287,The Streets
4288,"Sachiko M, Otomo Yoshihide, Toshimaru Nakamura"
4289,David Cross
4290,Claro Intelecto
4291,Ill Bill
4292,"Faust, Dlek"
4293,Macha
4294,Patterson Hood
4295,S Prcss
4296,Erlend Ye
4297,Bobbie Gentry
4298,Decahedron
4299,Tom Recchion
4300,Schneider Tm
4301,Frost
4302,Finishing School
4303,Rockfour
4304,On The Speakers
4305,Josh Roseman
4306,Born Heller
4307,Foreign Legion
4308,Gaji
4309,Seachange
4310,Angel Molina
4311,Bigger Lovers
4312,Mochipet
4313,Vera Cruise
4314,Bing Ji Ling
4315,Two Lone Swordsmen
4316,Bambi Molesters
4317,Kat Cosm
4318,Yesterdays New Quintet
4319,Hu Vibrational
4320,Roy Ayers
4321,The Narrator
4322,Aluminium Group
4323,"Mirah, Black Cat Orchestra"
4324,Sound Providers
4325,Heldon
4326,"Organum, Z'Ev"
4327,Black Dice
4328,Skeletons
4329,Skywave
4330,Black Forest/Black Sea
4331,Blanche
4332,Vcr
4333,"Azeem, Variable Unit"
4334,"John Cale, Nico, Lou Reed"
4335,Grant Lee Buffalo
4336,The Wind-Up Bird
4337,Calexico
4338,Desert Sessions
4339,Baby Blak
4340,Wesley Willis
4341,"The Black Heart Procession, Solbakken"
4342,No. 9
4343,Brad Mehldau
4344,Art Bears
4345,Cerberus Shoal
4346,Broken Social Scene
4347,On!Air!Library!
4348,"Tatsuya Yoshida, Satoko Fujii"
4349,King Creosote
4350,Ian Matthews
4351,"Vijay Iyer, Mike Ladd"
4352,Los Halos
4353,Dios
4354,The Necks
4355,Mindflayer
4356,Loop Orchestra
4357,Regina Spektor
4358,Michael Johnson
4359,Parts & Labor
4360,Mils
4361,Sankofa
4362,Damon Albarn
4363,Will Oldham
4364,B.J. Nilsen
4365,I Love You But I'Ve Chosen Darkness
4366,Chromatics
4367,Manic Street Preachers
4368,"Volcano, I'M Still Excited!!"
4369,Rob Mazurek
4370,"Henry Flynt, The Insurrections"
4371,Valley Of The Giants
4372,20 Miles
4373,Isan
4374,Bravehearts
4375,"Ekkehard Ehlers, Joseph Suchy, Franz Hautzinger"
4376,"Daft Punk, Leiji Matsumoto"
4377,90 Day Men
4378,"!!!, Out Hud"
4379,Courtney Love
4380,Melvin Van Peebles
4381,Evergreen
4382,Bottle Rockets
4383,Aero
4384,Auteurs
4385,My Favorite
4386,Yes
4387,Relict
4388,Triosk Meets Jan Jelinek
4389,The Minus 5
4390,Amon Dl
4391,Eleventh Dream Day
4392,The Notwist
4393,Jack Nitzsche
4394,"Jack White, Alison Krauss"
4395,Dani Siciliano
4396,Flamin' Groovies
4397,Remarc
4398,"Bobby Conn, The Glass Gypsies"
4399,Music A.M.
4400,Absolute Grey
4401,Millennium
4402,Caural
4403,Iven Schmidt
4404,L.A. Carnival
4405,Husbands
4406,Chicken Lips
4407,"Autechre, Hafler Trio"
4408,Anton Fier
4409,Mileece
4410,Brassy
4411,Khanate
4412,The Distillers
4413,Egg
4414,Television
4415,Richard Chartier
4416,Cedric Im Brooks
4417,Chris Brokaw
4418,Frenemies
4419,Req
4420,Tetuzi Akiyama
4421,Diverse
4422,Missy Elliott
4423,Shat
4424,The Impossible Shapes
4425,Flim
4426,"Dead Prez, Sticky Fingaz"
4427,Hip Tanaka
4428,Dj Andy Smith
4429,"Deadbeat, Stephen Beaupr"
4430,Omid
4431,Clem Snide
4432,J-Live
4433,Three 4 Tens
4434,"Jaga Jazzist, Motorpsycho"
4435,Teenage Fanclub
4436,Lfo
4437,Single Frame
4438,Caustic Resin
4439,Thunderbirds Are Now!
4440,"Ginger Brooks Takahashi, Mirah Yom Tov Zeitlyn"
4441,Wheat
4442,Roosevelt Franklin
4443,Party Of One
4444,Rafael Toral
4445,Wolf Eyes & Black Dice
4446,Mojave 3
4447,Black-Eyed Snakes
4448,Spacemen 3
4449,Mando Diao
4450,Lyrics Born
4451,Cul De Sac
4452,Vells
4453,The Chinese Stars
4454,The Pleased
4455,Vue
4456,Volapk
4457,Loren Connors & David Grubbs
4458,Birdtree
4459,Asteroid No. 4
4460,Andrew Broder
4461,Gorky'S Zygotic Mynci
4462,Caf Tacuba
4463,The Stills
4464,Ms. John Soda
4465,U.S. Maple
4466,Aki Onda
4467,Goa
4468,Non-Prophets
4469,The Fire Theft
4470,Adam Green
4471,Neil Perry
4472,Stellastarr*
4473,Ted Leo And The Pharmacists
4474,Polmo Polpo
4475,Alamaailman Vasarat
4476,Reverend Charlie Jackson
4477,Pierre Crube
4478,Nick Fort
4479,Fritz Ostermayer
4480,Sounds
4481,Metric
4482,Buck 65
4483,Sascha Funke
4484,Villalobos
4485,The Silver Mt. Zion Memorial Orchestra & Tra-La-La Band With Choir
4486,Nymphomatriarch
4487,Matt Sharp
4488,"Danger Mouse, Jemini"
4489,Thor
4490,Suntanama
4491,Immortal Technique
4492,Electronicat
4493,A Trillion Barnacle Lapse
4494,Larval
4495,Archigram
4496,"Philip Jeck, Main, Oval, Henri Pousseur"
4497,Enduser
4498,Richard X
4499,Twin Atlas
4500,Magic Magicians
4501,Those Peabodys
4502,Old Time Relijun
4503,Elliott
4504,Tsurubami
4505,Essential Logic
4506,Brendan Benson And The Wellfed Boys
4507,Unwed Sailor
4508,Ambulance Ltd
4509,Manitoba
4510,So
4511,The Neptunes
4512,Guster
4513,Wildchild
4514,"Holger Czukay, U-She"
4515,Chris Lee
4516,Chris Clark
4517,Daniel Menche
4518,"Peter Brtzmann, William Parker, Hamid Drake"
4519,You Am I
4520,Darediablo
4521,S.A. Smash
4522,Steve Burns
4523,Simply Saucer
4524,Ahmad Szabo
4525,Ami Yoshida
4526,Donna Summer
4527,Japanther
4528,"Scanner, David Toop, I/03"
4529,Bride Of No No
4530,The Joggers
4531,Byard Lancaster
4532,The Jealous Sound
4533,Cold Sides
4534,Saloon
4535,"The Jim Yoshii Pile-Up, Xiu Xiu"
4536,Friends Forever
4537,Verbena
4538,The Magic Band
4539,"Fennesz, Polwechsel"
4540,Keith Rowe
4541,Rooney
4542,The Red Thread
4543,Metamatics
4544,Noyes
4545,Soundmurderer
4546,Electric Turn To Me
4547,Cardia
4548,"David Grubbs, Mats Gustafsson"
4549,Sick Lipstick
4550,"Jim Black, Ellery Eskelin, Andrea Parkins"
4551,Ekkehard Ehlers
4552,Terminal 4
4553,Holly Golightly
4554,Kings Of Leon
4555,A Grape Dope
4556,Pink And Brown
4557,Karera Musication
4558,Sin Ropas
4559,Gold Chains
4560,"Ekkehard Ehlers, Stephan Mathieu"
4561,Caitlin Cary
4562,"Dean & Britta, Britta Phillips"
4563,"Oren Ambarchi, Martin Ng"
4564,Seiichi Yamamoto
4565,Steffen Basho-Junghans
4566,Surface Of Eceon
4567,Console
4568,"Air, Alessandro Baricco"
4569,Xela
4570,Worms
4571,Dump
4572,Samus
4573,Augustus Pablo
4574,The Robot Ate Me
4575,The Blithe Sons
4576,The Swords Project
4577,Ui
4578,Tokyo Sex Destruction
4579,Terry Callier
4580,Bergheim 34
4581,Jenny Toomey
4582,Junior Senior
4583,Icarus
4584,Gogogo Airheart
4585,Merzbow
4586,Hackensaw Boys
4587,Neil Michael Hagerty
4588,Stark Reality
4589,Vrttin
4590,Terre Thaemlitz
4591,The Bloodthirsty Lovers
4592,Iditarod
4593,Peter Brtzmann
4594,Shub Niggurath
4595,Homunculus
4596,Cunninlynguists
4597,Nobukazu Takemura
4598,Amon Dl Ii
4599,Jr Ewing
4600,New Wet Kojak
4601,Monade
4602,Youngblood Brass Band
4603,Hot Cross
4604,The Sea And Cake
4605,Atom And His Package
4606,Stratford 4
4607,Arab On Radar
4608,Via Tania
4609,D+
4610,Saboten
4611,Sahara Hotnights
4612,"Mushroom, Gary Floyd"
4613,Immortal Lee County Killers
4614,Greg Weeks
4615,D4
4616,Hanin Elias
4617,Lenola
4618,Jaga Jazzist
4619,Magas
4620,Dwayne Sodahberk
4621,Mika Vainio
4622,Swirlies
4623,The Moldy Peaches
4624,Thuja
4625,Parliament
4626,Hexstatic
4627,Kopernik
4628,Norman
4629,Elf Power
4630,Pete Miser
4631,The Special Goodness
4632,Butthole Surfers
4633,Data 80
4634,Salk Vacchin
4635,The In Out
4636,Scene Creamers
4637,Gogol Bordello
4638,Morphine
4639,Spring Heel Jack
4640,Eric Idle
4641,Com.A
4642,"Awol One, Daddy Kev"
4643,Snitches
4644,Muggs
4645,Donovan
4646,Asa-Chang & Junray
4647,The Holy Ghost
4648,Lewis Parker
4649,Angus Maclise
4650,Alejandra And Aeron
4651,Sam Roberts
4652,Super Madrigal Brothers
4653,Tobin Sprout
4654,Asian Dub Foundation
4655,Matmos
4656,Cynthia Dall
4657,James Chance
4658,"Jon Langford, The Sadies"
4659,Aereogramme
4660,The Legendary Pink Dots
4661,Jan Jelinek Avec The Exposures
4662,Akio Suzuki
4663,Stakker
4664,Screamer
4665,Ryoji Ikeda
4666,"Dj Spooky, Killah Priest, Ward 29"
4667,Elevator
4668,Seana Carmody
4669,Massimo
4670,Boyracer
4671,"Busdriver, Daedelus, Radioinactive"
4672,Last Days Of May
4673,Sutekh
4674,Tangerine Dream
4675,The Warlocks
4676,Rovo
4677,Boas
4678,Bikeride
4679,"Masami Akita, Russell Haswell"
4680,Manishevitz
4681,Toktok Vs. Soffy O
4682,Photon Band
4683,Lesser
4684,Zwan
4685,Menthol
4686,Area
4687,Cephalic Carnage
4688,Voyager One
4689,The Cassettes
4690,Glifted
4691,Hayden
4692,Roni Size
4693,Nada Surf
4694,Cherry Valence
4695,Racebannon
4696,Out Hud
4697,Sinking Ships
4698,The Rogers Sisters
4699,"Marky Ramone, The Speedkings"
4700,Bill Laswell
4701,Mantler
4702,Dead And Gone
4703,"Werner Dafeldecker, Klaus Lang"
4704,Transllusion
4705,Gorilla Monsoon
4706,Afflictions
4707,"Jason Anderson, Wolf Colonel"
4708,"Mat Maneri, Joe Mcphee"
4709,"Mimeo, John Tilbury"
4710,Univers Zero
4711,"Fred Lonberg-Holm, Glenn Kotche, Jason Roebke"
4712,Cassetteboy
4713,"Jan Jelinek, Computer Soup"
4714,St. Thomas
4715,Great Lakes
4716,Lot Six
4717,"The Dillinger Escape Plan, Mike Patton"
4718,Cost
4719,The Pattern
4720,Add N To (X)
4721,"Beth Gibbons, Rustin Man"
4722,Mc Paul Barman
4723,Action
4724,White Star Line
4725,Yesterday'S Kids
4726,Rhettmatic
4727,The Velvet Teen
4728,The Telescopes
4729,Unstable Ensemble
4730,The Soft Boys
4731,Amalgamated Sons Of Rest
4732,Gold Sparkle Band
4733,Shimmer Kids Underpop Association
4734,Thomas Bangalter
4735,Western Keys
4736,Future Bible Heroes
4737,"Damon & Naomi, Kurihara"
4738,"Jeff Buckley, Gary Lucas"
4739,Sweep The Leg Johnny
4740,The Handsome Family
4741,Everybody Uh Oh
4742,Melochrome
4743,Exhaust
4744,Gyrgy Ligeti
4745,K-Rad
4746,Kevin Blechdom
4747,Mus
4748,Eyes Adrift
4749,Astrobotnia
4750,Yume Bitsu
4751,The The
4752,Mr. T Experience
4753,Spectrum [Brazil]
4754,Polara
4755,Dame Fate
4756,Bogdan Raczynski
4757,Floating Flower
4758,Non
4759,Euphone
4760,Vsnares
4761,Yohimbe Brothers
4762,Apes Of Wrath
4763,Gordon Gano
4764,The Fantmas Melvins Big Band
4765,G-Man (Aka Gez Varley)
4766,Wauvenfold
4767,Knifehandchop
4768,American Analog Set
4769,Otomo Yoshihide'S New Jazz Ensemble
4770,Brendan Walls
4771,Seelenluft
4772,Friend/Enemy
4773,Town And Country
4774,Frank Black & The Catholics
4775,Reindeer Section
4776,2 Many Djs
4777,Aden
4778,The Prom
4779,Eric Bachmann
4780,Arco Flute Foundation
4781,Electric Birds
4782,"Bright Eyes, Britt Daniel"
4783,Fan Club Orchestra
4784,Palomar
4785,Hockey Night
4786,Alfie
4787,Oe
4788,Nate Ruth
4789,Caesura
4790,Chris Smith
4791,Kleenexgirlwonder
4792,Willard Grant Conspiracy
4793,John Tejada
4794,"Jay Bennett, Edward Burch"
4795,Arlo
4796,Makers
4797,Jah Wobble
4798,North Of America
4799,"Mark Borthwick, Trevor Holland"
4800,Geeez'N'Gosh
4801,New Radiant Storm King
4802,Mice Parade
4803,Craig Armstrong
4804,Poulain
4805,Quix*O*Tic
4806,Goodiepal
4807,Tyondai Braxton
4808,Freestyle Fellowship
4809,Nationale Blue
4810,Quasimoto
4811,Jeff Mangum
4812,Dj Jester
4813,Babu
4814,The Extra Lens
4815,Mong Hang
4816,Speedy J
4817,Pere Ubu
4818,Moth
4819,Shiner
4820,Mirza
4821,Shelleydevoto
4822,Black Dog And Black Sifichi
4823,Mri
4824,Jello Biafra
4825,Tami Hart
4826,Beachwood Sparks
4827,Jim Black
4828,Microwaves
4829,The Ghost
4830,Charles Atlas
4831,Hrsta
4832,Pixeltan
4833,Geoff Farina
4834,Jeff Tweedy
4835,Ink
4836,Lesser Birds Of Paradise
4837,Thrice
4838,Engine Down
4839,Ill Ease
4840,Retsin
4841,Sarah Shannon
4842,Jel
4843,"Sinister Luck Ensemble, Catcall"
4844,Filament
4845,Tight Bro'S From Way Back When
4846,Herrmann And Kleine
4847,Tribes Of Neurot
4848,Ugly Casanova
4849,"Anticon, Jel"
4850,Elvis Costello & The Attractions
4851,Appendix Out
4852,Roky Erickson & The Aliens
4853,O-Type
4854,Pajama Party In A Haunted Hive
4855,Fila Brazillia
4856,Posthuman
4857,Limp
4858,Playgroup
4859,Herschell Gordon Lewis
4860,Original Instrument
4861,Taa-Pet
4862,Kind Of Like Spitting
4863,The No-No'S
4864,Convocation Of
4865,Earl Zinger
4866,Skiptrace
4867,Rip-Off Artist
4868,Otomo Yoshihide
4869,Markant
4870,Ocelot
4871,Arthurs
4872,Elton Dean & Mark Hewins
4873,Nurse With Wound & Current 93
4874,Sam Shalabi
4875,Desaparecidos
4876,Fat Jon The Ample Soul Physician
4877,Aspera
4878,"My Morning Jacket, Songs: Ohia"
4879,Christian Kleine
4880,"Rancid, Nofx"
4881,Alanis Morissette
4882,Codec Scovill
4883,Edison Woods
4884,Yagya
4885,Circulatory System
4886,Marmoset
4887,Brando
4888,Soul-Junk
4889,Henry Cow
4890,Fred Frith
4891,Ellery Eskelin
4892,Reuben'S Accomplice
4893,"Early Day Miners, Unwed Sailor"
4894,Eugene Mcdaniels
4895,J-Zone
4896,Dan The Automator
4897,Saso
4898,Leels
4899,Global Goon
4900,Nate Denver'S Neck
4901,Go Back Snowball - Robert Pollard And Mac Mccaughan
4902,Minotaur Shock
4903,Mira Calix
4904,Vitesse
4905,Slackjaw
4906,Galerie Stratique
4907,Warren Ellis
4908,Barcelona
4909,Am/Fm
4910,Mad Capsule Markets
4911,Kk Null
4912,Labtekwon
4913,Rocket From The Tombs
4914,Red Monkey
4915,"Tim Berne, Herb Robertson, Copenhagen Art Ensemble, Marc Ducret"
4916,The Zincs
4917,Erik Sanko
4918,Champagne Kiss
4919,Tadpoles
4920,Princess Superstar
4921,Pele
4922,Date Course Pentagon Royal Garden
4923,Vermont
4924,Susie Ibarra Trio
4925,Rollins Band
4926,Negativland
4927,Stephin Merritt
4928,Single Unit
4929,Phil Ochs
4930,"Cut Chemist, Dj Shadow"
4931,Orange Alabaster Mushroom
4932,Beth Hirsch
4933,The Real Tuesday Weld
4934,"Up, Bustle And Out"
4935,Little Grizzly
4936,Eric'S Trip
4937,Goodheart Allen Powell Trio
4938,Hasidic New Wave And Yakar Rhythms
4939,Flickerstick
4940,Pierre Bastien
4941,K.
4942,Seaworthy
4943,Charity Empressa
4944,Black Cat Music
4945,The Db'S
4946,"Morton Feldman, Ives Ensemble"
4947,Jonathan Richman
4948,The Drag City Supersession
4949,Satoko Fujii Quartet
4950,Elders Of Zion
4951,Fin Fang Foom
4952,"Jad Fair, Daniel Johnston"
4953,Ooioo
4954,Karp
4955,The Nerves
4956,4 Hero
4957,Still
4958,Haywood
4959,Dub Taylor
4960,Flanger
4961,Lovage
4962,Parker Paul
4963,La Makita Soma
4964,Red Shirt Brigade
4965,Mushroom
4966,Kroko
4967,Andrew Coleman
4968,Prson Sound
4969,Aveo
4970,Maceo Parker
4971,The Appleseed Cast
4972,Rotoscope
4973,Boylion
4974,Dj Food
4975,Land Of The El Caminos
4976,Ovuca
4977,Check Engine
4978,Olivia Block
4979,The Prima Donnas
4980,"Green Velvet, Pajo"
4981,"M. Gira, D. Matz"
4982,Brian Allen And Jacob Koller
4983,Empire State
4984,Volta Do Mar
4985,Friends Of Dean Martinez
4986,Coquettish
4987,"Fred Lonberg-Holm, Jim Orourke, Weasel Walter"
4988,Mitchell Akiyama
4989,Ruins
4990,Mr. Len
4991,Stilluppsteypa
4992,Now It'S Overhead
4993,Saturnine
4994,Pillow
4995,Matt Marque
4996,Tomas Jirku
4997,Lilac Time
4998,Lu
4999,Pram
5000,Western Automatic
5001,Phoenecia
5002,Triangle
5003,The Silver Mt. Zion Memorial Orchestra & Tra-La-La Band
5004,Bosco And Jorge
5005,Jigmastas
5006,Weights And Measures
5007,Transchamps
5008,Moreno Veloso +2
5009,Elk City
5010,Phthalocyanine
5011,Heavenly
5012,Utah!
5013,Timeout Drawer
5014,Centro-Matic
5015,Halifax Pier
5016,Spain
5017,Frankie Sparo
5018,Gez Varley
5019,Lupine Howl
5020,Robert Pollard And His Soft Rock Renegades
5021,David S. Ware Quartet
5022,Black Box Recorder
5023,"Kristian, Shalabi, St. Onge"
5024,Starship Beer
5025,Appliance
5026,Ifihadahifi
5027,Lumen
5028,Cruiser
5029,Wolfie
5030,Sparklehorse
5031,Jetone
5032,Mr. Wright
5033,Explosion Robinson
5034,Graeme Downes
5035,Original Brothers And Sisters Of Love
5036,Ex-Girl
5037,Atombombpocketknife
5038,Stars Of The Lid
5039,Chitlin' Fooks
5040,Fluke
5041,Ivory Coast
5042,Rondelles
5043,"Brian Eno, Dj J. Peter Schwalm"
5044,Moth Wranglers
5045,Thee Headcoats
5046,Rebecca Gates
5047,American Heritage
5048,Chocolate Genius
5049,Radio Birdman
5050,Turin Brakes
5051,Daevid Allen'S University Of Errors
5052,Preston School Of Industry
5053,"Robert Barry, Fred Anderson"
5054,Low And Dirty Three
5055,Swell
5056,Jad Fair
5057,Mercury Program
5058,Anasazi
5059,Bonny Billy
5060,Barbara Manning
5061,Cannibal Ox
5062,Juno
5063,Clouddead
5064,Jason Falkner
5065,Bows
5066,Fantastic Plastic Machine
5067,Delarosa And Asora
5068,Chamber Strings
5069,Thinking Fellers Union Local 282
5070,Red Stars Theory
5071,Labradford
5072,Liliput
5073,Tricky
5074,Starflyer 59
5075,Antibalas Afrobeat Orchestra
5076,Andy Votel
5077,Abilene
5078,Actionslacks
5079,Action Time
5080,Archer Prewitt
5081,Jamie Lidell
5082,Brokeback
5083,Takako Minekawa
5084,Six Parts Seven
5085,Jazzanova
5086,Talib Kweli & Hi-Tek
5087,Therapy?
5088,Creeper Lagoon
5089,Morcheeba
5090,"Bonnie Prince Billy, Marquis De Tren"
5091,Pinback
5092,Pluramon
5093,Laura Cantrell
5094,Damon & Naomi
5095,Sarah Cracknell
5096,Rian Murphy And Will Oldham
5097,Man Or Astro-Man?
5098,The Helio Sequence
5099,Buffalo Tom
5100,The Posies
5101,Toe
5102,"Big'N, Oxes"
5103,Seor Coconut Y Su Conjunto
5104,12 Rods
5105,Pole V. Four Tet
5106,"Vic Chesnutt, Mr. & Mrs. Keneipp"
5107,Bis
5108,The Essex Green
5109,Gregg Bendian'S Interzone
5110,Towa Tei
5111,"Lilys, Aspera Ad Astra"
5112,Tarwater
5113,The Peter Brtzmann Sextet / Quartet
5114,The Promise Ring
5115,Dinosaur Jr.
5116,"John Cale, Tony Conrad, Angus Maclise, La Monte Young, Marian Zazeela"
5117,"Dj Spooky, Scanner"
5118,Macha Loved Bedhead
5119,The Spinanes
5120,A Silver Mt. Zion
5121,Horace Andy
5122,Dj Me Dj You
5123,Billy Mahonie
5124,Pan American
5125,The Jim Yoshii Pile-Up
5126,Kelley Stoltz
5127,Bobby Conn
5128,Duster
5129,Sally Timms
5130,Warn Defever
5131,Kid Loco
5132,Hellacopters
5133,Ken Vandermark'S Joe Harriott Project
5134,French Kicks
5135,Stewart Walker
5136,"Ben Harper, The Innocent Criminals"
5137,Buffalo Daughter
5138,Unwound
5139,The Magnetic Fields
5140,The Wisdom Of Harry
5141,Isotope 217
5142,"-Ziq, Kazumi"
5143,The Get Up Kids
5144,Josh Wink
5145,Lilys
5146,Quannum
5147,Echo And The Bunnymen
5148,Soundtrack
5149,"Gregg Bendian, Nels Cline"
5150,To Rococo Rot
5151,Her Space Holiday
5152,"The Ex, Tortoise"
5153,Banco De Gaia
5154,Thievery Corporation
5155,The Cars
5156,Funkstrung
5157,Bailter Space
5158,Clinic
